2022-03-16 17:36:26+00:00,1039853787408752640,1504149607009378306,"{'retweet_count': 0, 'reply_count': 0, 'like_count': 0, 'quote_count': 0}",b'@cashandcarrots @motytchak So maybe russians haven\xe2\x80\x99t experienced in the last years that degree of poverty but thats what\xe2\x80\x99s coming to them ! This is what international \xe2\x80\x9c isolation \xe2\x80\x9c means for ordinary ppl!'
2022-03-16 17:36:26+00:00,1374484531839791104,1504149606862630912,"{'retweet_count': 0, 'reply_count': 0, 'like_count': 0, 'quote_count': 0}",b'@cbassg16 you got covid?'
2022-03-16 17:36:26+00:00,72942712,1504149605667287040,"{'retweet_count': 0, 'reply_count': 0, 'like_count': 0, 'quote_count': 0}","b""COVID is 'not over,' but CDC says most of America doesn't need to wear a mask. Should you listen? https://t.co/EyWmadtzFw via @usatoday"""
2022-03-16 17:36:26+00:00,1397262923710431232,1504149604925063169,"{'retweet_count': 0, 'reply_count': 0, 'like_count': 0, 'quote_count': 0}",b'@viledeity_ There is no asymptomatic spread. The Covid tests included positive results for colds and flu and dramatically exaggerated the pandemic. The Covid vaccine is neither safe nor effective.'
2022-03-16 17:36:26+00:00,938901218029694976,1504149604903923714,"{'retweet_count': 0, 'reply_count': 0, 'like_count': 0, 'quote_count': 0}",b'@MeasuredAccoun1 Bank of America closed banks and didn\xe2\x80\x99t post nearest open locations. App would show location was open but was closed. Workers from closed location were are the open locations- negating closed from Covid exposure. Fortunately we stopped taking cash. Those ended up w full remodel-'
2022-03-16 17:36:25+00:00,1309121177768558593,1504149603402330114,"{'retweet_count': 0, 'reply_count': 0, 'like_count': 0, 'quote_count': 0}",b'@roby_bhatt @m_scribe because Children are not at a high risk from Corona and may be at a higher risk from the vaccine; said vaccine will not keep them from getting or spreading Corona or deal adequately with variants.'
2022-03-16 17:36:25+00:00,605774422,1504149603200999426,"{'retweet_count': 0, 'reply_count': 0, 'like_count': 0, 'quote_count': 0}",b'Join us for a reflection of the past two years at the upcoming COVID Corner on Wednesday March 23rd! With @elliott_april @DrCora_C @JenneLab @gabefabreau @AntibioticDoc Braden Manns and Christine Luelo\n\nRegister Now: https://t.co/fcloMUt3JY\n#uofccme #COVIDCorner @AlbertaPLP https://t.co/rbBCFcoDHu'
2022-03-16 17:36:25+00:00,1456978193383149572,1504149601569366017,"{'retweet_count': 0, 'reply_count': 0, 'like_count': 0, 'quote_count': 0}","b'@Daamu62208242 @TinaBob17 Yes, monetary policy since 2008 has exasperated the problems, so has covid policies.\n\nMy priority is my wealth. I don\xe2\x80\x99t tend to care about others'"
2022-03-16 17:36:25+00:00,1469120839081771010,1504149601019961344,"{'retweet_count': 0, 'reply_count': 0, 'like_count': 0, 'quote_count': 0}","b'@LadyDi_Coca @InuSaitama There no proof he has covid.  I believe people made that up to protect him for not showing up at the most important event of the year to turn around the project.  This was Saitamas last chance to bring new whales into the project, but looks like thats not going to happen.'"
2022-03-16 17:36:25+00:00,1280253201501974528,1504149600370065414,"{'retweet_count': 0, 'reply_count': 0, 'like_count': 0, 'quote_count': 0}","b""@mojogottojo @govtissuedclown dawg i'm so PISSED i put in my heart and soul into making sense of covid genomes for my capstone (back when this shit was new + i was new to coding etc) and this fucker comes along and just presents his startup work as his capstone and the profs are SWOONING for him"""
2022-03-16 17:36:25+00:00,1175421033001758721,1504149600244011015,"{'retweet_count': 0, 'reply_count': 0, 'like_count': 0, 'quote_count': 0}","b""@LoverSilentHill Eh it's normal for children being sad about losing a game especially when they are very young\n\nMy cousin used to be like that hu until the pandemic\n\nAlthough yeah it's much easier to have time with them when they aren't crying over losing just some game"""
2022-03-16 17:36:24+00:00,1699793220,1504149597953970185,"{'retweet_count': 0, 'reply_count': 0, 'like_count': 0, 'quote_count': 0}",b'So #COVID19 is now surging in parts of China and also parts of Western Europe. Just in time for all these dumbasses in the U.S. who lifted all the remaining mask mandates last week. #mapoli #bospoli #Omicron #OmicronBA2'
2022-03-16 17:36:24+00:00,1062142033996013568,1504149596636913665,"{'retweet_count': 0, 'reply_count': 0, 'like_count': 0, 'quote_count': 0}","b""@che_hammond @LordBuco @TweetsByBritt @DNC It doesn't work. Any other vaccine on the school vaccination schedule will keep you from infecting me. This one will not."""
2022-03-16 17:36:24+00:00,3157081124,1504149596330680321,"{'retweet_count': 0, 'reply_count': 0, 'like_count': 0, 'quote_count': 0}",b'#PRIMEUPDATE \xf0\x9f\x9a\xa8 : Goa today reports with 06 new COVID 19 cases on 16/03/2022 and 00 Death\n|| #PRIMEGOA #TV_CHANNEL #GOA #PRIMEUPDATE #COVIDVACCINATION #GOAFIGHTSCOVID19 || https://t.co/lMslrNe7Hy'
2022-03-16 17:36:24+00:00,1421685490802069507,1504149596045385728,"{'retweet_count': 0, 'reply_count': 0, 'like_count': 0, 'quote_count': 0}",b'@mikeskoukla @canmericanized I will never take this vax. This is all about his love of power. I\xe2\x80\x99ve had Covid and recovered quickly.'
2022-03-16 17:36:23+00:00,111128466,1504149595357540355,"{'retweet_count': 0, 'reply_count': 0, 'like_count': 0, 'quote_count': 0}",b'@DustinMorris13 Another good step. The vaccine mandate is still required to travel though..'
2022-03-16 17:36:23+00:00,4375089455,1504149595164606464,"{'retweet_count': 0, 'reply_count': 0, 'like_count': 0, 'quote_count': 0}",b'Happy Women\xe2\x80\x99s History Month! We wanted to take a moment to recognize equal pay day and highlight a recent report by the American Association of University Women (AAUW) that highlights the impacts of Covid-19 on women and their jobs in 2021. \n \nhttps://t.co/CREqDsjZbN'
2022-03-16 17:36:23+00:00,1297912974577811457,1504149594719997954,"{'retweet_count': 0, 'reply_count': 0, 'like_count': 0, 'quote_count': 0}",b'@_Brad_Schmidt Omicron 2: Back Again\n\n(Yes this is a bad joke about BA.2)'
2022-03-16 17:36:23+00:00,1391935881007837185,1504149594183282688,"{'retweet_count': 0, 'reply_count': 0, 'like_count': 0, 'quote_count': 0}","b'""The world is tested with COVID19. Add a large-scale, full-fledged War on it. Then add a siege on it. Imagine these three combined in a poor region that struggles for survival even in times of peace &amp; stability."" #EndTigraySiege @mvankerkhove @DrMikeRyan  https://t.co/IZJ7DBz2p3'"
2022-03-16 17:36:23+00:00,994330840829255680,1504149593348624391,"{'retweet_count': 0, 'reply_count': 0, 'like_count': 0, 'quote_count': 0}","b'@KasperKepp @infect_prevent @RakerAnne @agent_alcohol @Goldammerfeder @ConnyR0mer @firle_franky @rki_de @EckerleIsabella The federal government has published the actual policy to make people afraid, and especially tell children that they will kill their grandparents if they do not comply with the rules. That is still in the heads of the people.\n\nhttps://t.co/9w3vUjFKpF page 13'"
2022-03-16 17:36:23+00:00,4858121705,1504149593335816195,"{'retweet_count': 0, 'reply_count': 0, 'like_count': 0, 'quote_count': 0}",b'Restrictions during the pandemic have helped contribute to a surge in applications now. https://t.co/wcnwB2cBdr'
2022-03-16 17:36:23+00:00,2367153769,1504149593298194440,"{'retweet_count': 0, 'reply_count': 0, 'like_count': 0, 'quote_count': 0}",b'Who believes that #BorisJohnson paid for his stay in hospital when he (allegedly) had Covid.\nThe Tories have never supported the NHS.\n#JohnsonOut51\n#annibyniaeth\n2/2'
2022-03-16 17:36:22+00:00,1400033294432018433,1504149590534201346,"{'retweet_count': 0, 'reply_count': 0, 'like_count': 0, 'quote_count': 0}",b'@gugu_mtho Do you think it fair for people to blame the president for the Covid 19 pandemic? #DemocracyYethuSonke'
2022-03-16 17:36:22+00:00,525394850,1504149590320242695,"{'retweet_count': 0, 'reply_count': 0, 'like_count': 0, 'quote_count': 0}",b'If y\xe2\x80\x99all lost a family member to Covid make sure y\xe2\x80\x99all apply for fema to reimburse funeral cost'
2022-03-16 17:36:22+00:00,1000376315604865025,1504149588055367684,"{'retweet_count': 0, 'reply_count': 0, 'like_count': 0, 'quote_count': 0}",b'@ciaraellen the hilary term to first lockdown pipeline'
2022-03-16 17:36:22+00:00,401538109,1504149588026052617,"{'retweet_count': 0, 'reply_count': 0, 'like_count': 0, 'quote_count': 0}",b'Why is that they always start there?\n\nhttps://t.co/vlRyMQB6b9'
2022-03-16 17:36:21+00:00,1488703208423931907,1504149586721574922,"{'retweet_count': 0, 'reply_count': 0, 'like_count': 0, 'quote_count': 0}",b'17 Animals That Have Caught COVID\nhttps://t.co/sAdL7VphRp\n\nDownload Now\nhttps://t.co/IOSHPjoGVs'
2022-03-16 17:36:21+00:00,1145855785231978496,1504149586448846848,"{'retweet_count': 0, 'reply_count': 0, 'like_count': 0, 'quote_count': 0}",b'@bunshonokai @ty_kenney @ElyKreimendahl Restrictions and mask mandates have been removed in most places for more than 14 days.'
2022-03-16 17:36:21+00:00,1488300043727740930,1504149586402852864,"{'retweet_count': 0, 'reply_count': 0, 'like_count': 0, 'quote_count': 0}",b'@shikkaba @wildbilldadonTV @AP It literally is about slowing the spread of covid. Thats the whole reason why they advertise to get it. However its not effective anyway so it defeats the point'
2022-03-16 17:36:21+00:00,22930220,1504149586276925447,"{'retweet_count': 0, 'reply_count': 0, 'like_count': 0, 'quote_count': 0}","b""@Bob4546 @Naturalmed777 Why?\nHe never conceded \nElection clearly was stolen \nNuclear fb was never relinquished \nHe's still commander in chief\n\nWould you pass the Nuclear fb to a senile puppet of the elite deep state cabal which has been lying to us about covid and pretty much everything?"""
2022-03-16 17:36:21+00:00,488139343,1504149586062970882,"{'retweet_count': 0, 'reply_count': 0, 'like_count': 0, 'quote_count': 0}","b'@SharkawyMD @BogochIsaac 2 wks since Ontario lifted the vaccine mandate/passport/capacity limits:\n\nHospitalizations: March 1 - 914, March 15 - 688\nICU beds/COVID: March 1 - 234, March 15 - 171\n\nWe HAVE to relish our successes, &amp; separate the politics, &amp; those rooting for chaos. This was the'"
2022-03-16 17:36:21+00:00,4911051345,1504149585282969607,"{'retweet_count': 0, 'reply_count': 0, 'like_count': 0, 'quote_count': 0}",b'PLEASE EVEN THEO WAS TIRED OF THEIR SHIT \xf0\x9f\x98\xad KEEP YOUR DAMN MASK ON!! https://t.co/XWCE22fsNy'
2022-03-16 17:36:21+00:00,1366396533479006211,1504149584192450560,"{'retweet_count': 0, 'reply_count': 0, 'like_count': 0, 'quote_count': 0}",b'False. The #LongCovid community has been talking about mild/asymptomatic Covid-19 and cardiovascular issues for almost two years. #ListenToPatients https://t.co/uRWzkTPAp8'
2022-03-16 17:36:21+00:00,1320477017570041856,1504149583626059776,"{'retweet_count': 0, 'reply_count': 0, 'like_count': 0, 'quote_count': 0}","b'""To everyone who dumped on me for questioning the shutdown of civilization and calling out the damage it inflicted on the young and the poor: you can take your shaming, your scientific posturing, your insufferable moralizing, and stuff it.""\n\nAmen! https://t.co/cHT2bpWV8P'"
2022-03-16 17:36:20+00:00,1454557334647287814,1504149582992785415,"{'retweet_count': 0, 'reply_count': 0, 'like_count': 0, 'quote_count': 0}",b'@ASoftstar The Senate in and of itself can\xe2\x80\x99t mandate or pass such a law\xe2\x80\xa6 it will require house approval\xe2\x80\xa6\nAnd it sucks\xe2\x80\xa6'
2022-03-16 17:36:20+00:00,1436765686014033934,1504149582653136898,"{'retweet_count': 0, 'reply_count': 0, 'like_count': 0, 'quote_count': 0}",b'New post () has been published on  - https://t.co/1xSQSHI2Bp\n\n Travel News #TravelNews\n#travel #love #photooftheday #nature #photography #instagood #travelgram #travelphotography #travelblog #travel #travelgram #travelphotography #wanderlust #instatravel #travelling ...'
2022-03-16 17:36:20+00:00,372018397,1504149582632083463,"{'retweet_count': 0, 'reply_count': 0, 'like_count': 0, 'quote_count': 0}","b'How does a PC get disciplined for meeting another officer in a car park, yet the PM only had a questionnaire about his parties during lockdown? https://t.co/Vp3bHJsSV6'"
2022-03-16 17:36:20+00:00,1247405850,1504149582548283397,"{'retweet_count': 0, 'reply_count': 0, 'like_count': 0, 'quote_count': 0}",b'@patriotRNusa Isn\xe2\x80\x99t that the most retarded thing?\nJCAHO comes around to make sure the staff is being safe and the patients are safe but couldn\xe2\x80\x99t come inside during COVID bc it was unsafe. WTF?'
2022-03-16 17:36:20+00:00,1494843558939045894,1504149579863785473,"{'retweet_count': 0, 'reply_count': 0, 'like_count': 0, 'quote_count': 0}","b""@RebeccaJJules Thank you! Been a trying couple of days. Uugh. Couldn't even go to the hosp with her, as its in lockdown. \xf0\x9f\x98\x92"""
2022-03-16 17:36:20+00:00,1497950587270356992,1504149579570290691,"{'retweet_count': 0, 'reply_count': 0, 'like_count': 0, 'quote_count': 0}",b'@globaltimesnews @zlj517 Only when China confirm what the rest of the world know....covid was made and leaked by them.'
2022-03-16 17:36:20+00:00,1206605622,1504149578932793347,"{'retweet_count': 0, 'reply_count': 0, 'like_count': 0, 'quote_count': 0}","b'@MythinformedMKE My dad, 93 years young, double injected then boosted was diagnosed with a relatively rare small cell bladder cancer within 2 months of his booster.  Nexus???'"
2022-03-16 17:36:19+00:00,567410222,1504149578127396873,"{'retweet_count': 0, 'reply_count': 1, 'like_count': 0, 'quote_count': 0}","b""From 2:00-5:00pm ET I'll be guest hosting three @covidcalls episodes with brilliant experts on the war in Ukraine (2-4pm) and 5-6pm reflecting on how to fold the story of the COVID-vaccine into the history of medicine and public health. Please join me as I speak with:"""
2022-03-16 17:36:18+00:00,436745845,1504149574478352386,"{'retweet_count': 0, 'reply_count': 0, 'like_count': 0, 'quote_count': 0}","b'We have a DIRECT HIRE POSITION for a Registered Nurse for an Integrative Medicine Clinic in The Woodlands.2 years Outpatient RN experience required, Must be vaccinated for COVID-19, No Smoking. 8am-5pm. $28-34/hr https://t.co/wEjI3kl0HZ #registerednurse #DeansStaffing https://t.co/ltq5CvLQyG'"
2022-03-16 17:36:18+00:00,2405014833,1504149574314778625,"{'retweet_count': 0, 'reply_count': 0, 'like_count': 0, 'quote_count': 0}","b'Feedback from some parents is that after 2 years of lockdown children have mixed feelings about #outdoorplay Willow Den at Spartans is a small setting with a maximum of 18 children, perfect for those first steps into the outdoors! \xf0\x9f\x91\xa3\xf0\x9f\x8c\xb3\xf0\x9f\x90\x9e https://t.co/z42q5fC527'"
2022-03-16 17:36:18+00:00,2483989365,1504149574260342786,"{'retweet_count': 0, 'reply_count': 0, 'like_count': 0, 'quote_count': 0}",b'Is Covid on the rise in your school?'
2022-03-16 17:36:18+00:00,1397267714213810177,1504149573257863168,"{'retweet_count': 0, 'reply_count': 0, 'like_count': 0, 'quote_count': 0}",b'Your skin isn\xe2\x80\x99t paper.\nSo don\xe2\x80\x99t cut it.\nYour face isn\xe2\x80\x99t mask.\nSo don\xe2\x80\x99t hide it.\nYour size isn\xe2\x80\x99t a book.\nSo don\xe2\x80\x99t judge it.\nYou\xe2\x80\x99re life isn\xe2\x80\x99t a film.\nSo don\xe2\x80\x99t end it.'
2022-03-16 17:36:18+00:00,1267649743880171529,1504149572242837506,"{'retweet_count': 0, 'reply_count': 0, 'like_count': 0, 'quote_count': 0}",b'My guess as to why the Arrive Can App is still required is that shutting it down would be embarrassing to those who insisted on setting it up in the first place.\n\nhttps://t.co/3tMuefrtg1'
2022-03-16 17:36:18+00:00,1340437073698967558,1504149572129542149,"{'retweet_count': 0, 'reply_count': 0, 'like_count': 0, 'quote_count': 0}",b'@canmericanized SO DUMB!! Vaxxed and unvaxxed both contract and spread Covid. So sick of this.'
2022-03-16 17:36:18+00:00,2214655946,1504149571831750656,"{'retweet_count': 0, 'reply_count': 0, 'like_count': 0, 'quote_count': 0}","b'Head to Algoma Boulevard United Methodist Church in Oshkosh this Thursday for your free COVID-19 vaccine or booster. Details are available in English, Spanish, and Hmong \xe2\xac\x87\xef\xb8\x8f https://t.co/xSIkAgIK9u'"
2022-03-16 17:36:17+00:00,1377520028635914243,1504149570409963536,"{'retweet_count': 0, 'reply_count': 0, 'like_count': 0, 'quote_count': 0}",b'As of: Wed Mar 16 10:21:47 2022\n\nAppointments found at CVS locations in San Diego!\n\nSchedule here:\nhttps://t.co/2f80GMQQ8o'
2022-03-16 17:36:17+00:00,2381309658,1504149570032332800,"{'retweet_count': 0, 'reply_count': 0, 'like_count': 0, 'quote_count': 0}",b'New unpublished study (n=1) suggests that reading about long term covid risks induces anxiety which is probably also bad for your heart! https://t.co/4t1HdoufIO'
2022-03-16 17:36:17+00:00,1352234446402048003,1504149569269125126,"{'retweet_count': 0, 'reply_count': 0, 'like_count': 0, 'quote_count': 0}",b'Second Gentleman\xc2\xa0Doug Emhoff Tests Positive for\xc2\xa0Covid-19 https://t.co/3cRGtSSigb'
2022-03-16 17:36:17+00:00,100024370,1504149569206034444,"{'retweet_count': 0, 'reply_count': 0, 'like_count': 0, 'quote_count': 0}",b'$MRNA Moderna shares are trading higher. The company announced today it has reached an agreement with Japan to supply an additional 70 million doses of its COVID-19 booster vaccine.  https://t.co/Mkq8SuxgdB'
2022-03-16 17:36:17+00:00,753284949864767490,1504149568207917061,"{'retweet_count': 0, 'reply_count': 0, 'like_count': 0, 'quote_count': 0}","b""#UKRAINE has quietly announced that it is the first country to implement the '#GreatReset' of the #WEF by installing a Social Credit App combining Universal Basic Income (#UBI), Digital Identity and Vaccination Passport in the Diia app.  #greatreset\n  https://t.co/pUYACGjkLf https://t.co/9hcgkvOrvu"""
2022-03-16 17:36:17+00:00,1504130608833957896,1504149567851356160,"{'retweet_count': 0, 'reply_count': 0, 'like_count': 0, 'quote_count': 0}","b'@omarw110 @SmallBrosNFT I had the same issue, \nBut it was resolved immediately after i wrote to meta mask Support using this form.\nI think you should write to them too. \n\nhttps://t.co/iLIba1U8B7'"
2022-03-16 17:36:17+00:00,115480642,1504149566379155457,"{'retweet_count': 0, 'reply_count': 0, 'like_count': 0, 'quote_count': 0}","b""A protest that will shutdown the whole country is the only kind that'll work, else we're back to same of same https://t.co/ggh9oUqQG3"""
2022-03-16 17:36:16+00:00,2284344485,1504149563942256641,"{'retweet_count': 0, 'reply_count': 0, 'like_count': 0, 'quote_count': 0}",b'I\xe2\x80\x99m doing a hair mask it\xe2\x80\x99s called maximizing returns it\xe2\x80\x99s a boss babe thing u prob wouldn\xe2\x80\x99t understand'
2022-03-16 17:36:16+00:00,778229339557076992,1504149563673825283,"{'retweet_count': 0, 'reply_count': 1, 'like_count': 0, 'quote_count': 0}",b'UW Medicine to perform diagnostic blood tests for past COVID-19 infections \n\nhttps://t.co/Wc4acosEcC'
2022-03-16 17:36:15+00:00,1954440810,1504149561723568131,"{'retweet_count': 0, 'reply_count': 0, 'like_count': 0, 'quote_count': 0}","b'@RobertVonB1 @QTWIQ1 My assessment of the AP\'s assessment: AP is a joke and trying to cover up the truth. Just like Russia, Russia, Russia, narrative. Or all the vaccine mandate ""conspiracy theories"" that seem to have come and gone. Anybody can lie. The press does it all the time 0\'s EO let\'s em lie'"
2022-03-16 17:36:15+00:00,1618816458,1504149561169915906,"{'retweet_count': 0, 'reply_count': 0, 'like_count': 0, 'quote_count': 0}",b'@KattenEUW @Bqrd_ @IWDominateLoL Just playing ARAMs every game\n\nNot every wintrader or booster wants to get to master +'
2022-03-16 17:36:15+00:00,14551641,1504149560037294080,"{'retweet_count': 0, 'reply_count': 0, 'like_count': 0, 'quote_count': 0}","b'@PeterSchiff @CNBC @SenWarren All I care about are the price of suits\xe2\x80\xa6who cares about inflation, Covid-19, WWIII, gas prices, climate change, and other things going on right now\xe2\x80\xa6all I care about is the potential prices increases and suit shortages at the Men\xe2\x80\x99s Wearhouse.'"
2022-03-16 17:36:15+00:00,317265283,1504149558263046144,"{'retweet_count': 0, 'reply_count': 0, 'like_count': 0, 'quote_count': 0}","b'@CYMotorsport Saving grace for RB, covid game them extra time to dedicate to 22.\nThey also got more wind tunnel and CFD time right?\nThey did go for bust in 21. Their hope has to be nailing the concept and out developing?\nFirst race weekend will clear up so much!'"
2022-03-16 17:36:15+00:00,386627182,1504149558082875397,"{'retweet_count': 0, 'reply_count': 0, 'like_count': 0, 'quote_count': 0}","b'@EWoodhouse7 Wed 606-ZIP covid numbers are in:\n24,597 tests. 235 ""cases"". 0.96% pos\nLast Wed:\n24,399 tests. 419 \'cases\'. 1.72% pos\nThe case of the disappearing 60623 \'cases\' continue. After gaining 4 \'cases\' yest, 60623 DROPPED 15 \'cases\' today. Net loss of 28 \'cases\' since 3/4'"
2022-03-16 17:36:13+00:00,1226630277688168450,1504149553414656002,"{'retweet_count': 0, 'reply_count': 0, 'like_count': 1, 'quote_count': 0}",b'lucy dacus has covid \xe2\x98\xb9\xef\xb8\x8f'
2022-03-16 17:36:13+00:00,121295191,1504149553221541892,"{'retweet_count': 0, 'reply_count': 0, 'like_count': 0, 'quote_count': 0}",b'Covid Impact on youth. https://t.co/ToQP7DJ1Qy'
2022-03-16 17:36:13+00:00,1216448279065452544,1504149553125199881,"{'retweet_count': 0, 'reply_count': 0, 'like_count': 0, 'quote_count': 0}","b'Record 4,00,000 new COVID-19 cases recorded in South Korea in 24 hours\n\nhttps://t.co/mOy7Dn7YMR https://t.co/TcAPfqGlyJ'"
2022-03-16 17:36:13+00:00,2841504093,1504149551464304642,"{'retweet_count': 0, 'reply_count': 0, 'like_count': 0, 'quote_count': 0}","b""@TrishtheDish_7 @NYCHealthCommr Completely agree!  Esp. since vac doesn't stop transmission.\n\nCOVID-19: stigmatising the unvaccinated is not justified\n\nhttps://t.co/5mOLf8lNut"""
2022-03-16 17:36:13+00:00,1427321053915881477,1504149551317458946,"{'retweet_count': 0, 'reply_count': 0, 'like_count': 0, 'quote_count': 0}","b""@sirhottest They couldn't use COVID to cheat on mid terms it ran out of gas (i.e. truckers convoy) so onto Ukraine."""
2022-03-16 17:36:13+00:00,1499827002815221762,1504149550885486600,"{'retweet_count': 0, 'reply_count': 0, 'like_count': 0, 'quote_count': 0}",b'@JustAVoter100 @BBCNews Gotcha. So to clarify you used a meme concerning masks to convey the idea everything she does is to serve her own power except when it doesn\xe2\x80\x99t as in the case of mask mandates that likely harm her future political outlook. Clear as day. How do you feel about mask mandates?'
2022-03-16 17:36:13+00:00,876921172105068545,1504149549799153676,"{'retweet_count': 0, 'reply_count': 0, 'like_count': 0, 'quote_count': 0}",b'@ConceptualJames Saw this from an Ukrainian artist I follow. Nothing is happening there. It\xe2\x80\x99s \xe2\x80\x9c some other part.\xe2\x80\x9d Everyone is being lied to. Here and there. Just like how in 2020 all the hospitals were filled to bursting with covid peeps and we needed hospital ships and mass graves . BS. https://t.co/POAat2EHQu'
2022-03-16 17:36:12+00:00,1090258777163522050,1504149547890929664,"{'retweet_count': 0, 'reply_count': 0, 'like_count': 0, 'quote_count': 0}",b'i cant really sing but i love singing :(( covid is fucking my throat up i miss singing so much :('
2022-03-16 17:36:11+00:00,229188500,1504149544254193665,"{'retweet_count': 0, 'reply_count': 0, 'like_count': 0, 'quote_count': 0}","b'@Riflemanscreed2 @bart8101 Sadly, I read Covid Porch and Covid Rear Patio.  Damn.'"
2022-03-16 17:36:11+00:00,1586904265,1504149544082317317,"{'retweet_count': 0, 'reply_count': 0, 'like_count': 0, 'quote_count': 0}","b'@campbellclaret @GaryLineker @Nigel_Farage @Arron_banks Peanuts \xf0\x9f\xa5\x9c mate Peanuts \xf0\x9f\xa5\x9c. \n\nThe world needs $700,000 for 1BN people each In Taxhavens against promises to the troops WW2 by FDR for highly profitable eco friendly technology revolution not feasting on the dead in pandemic terrorism and war.'"
2022-03-16 17:36:11+00:00,486896531,1504149542849159173,"{'retweet_count': 0, 'reply_count': 0, 'like_count': 0, 'quote_count': 0}","b'All the yikes - I know *so many* people who have it right now.\nWishing you all a speedy, drama free recovery but for everyone else.. GET YOUR BOOSTER ASAP \xf0\x9f\x98\xb3 https://t.co/JJKg8jDiHd'"
2022-03-16 17:36:11+00:00,1215698394372431872,1504149541834018817,"{'retweet_count': 0, 'reply_count': 0, 'like_count': 0, 'quote_count': 0}",b'Excess Mortality in Germany 2020-2021:\n\n\xe2\x80\x9cWhereas almost no excess mortality was observed in 2020 - the pandemic year without vaccinations - a relative strong increase in excess mortality is observed in 2021 - the pandemic year with vaccinations.\xe2\x80\x9d https://t.co/4jQtzPWbZD'
2022-03-16 17:36:10+00:00,1248299662513262594,1504149540227764232,"{'retweet_count': 0, 'reply_count': 0, 'like_count': 0, 'quote_count': 0}",b'@CSSTE3 @NASRDA @MoFagbeePhD @vievesunville Indeed.Everyone is counting on everyone to ensure we achieve our mandates.The support of Dr. Halilu Ahmad Shaba DG/ CE of NASRDA is the morale booster. The enablement given to us at CSSTE has inspired and motivated us beyond measure within this short time.'
2022-03-16 17:36:10+00:00,2847733658,1504149539476803587,"{'retweet_count': 0, 'reply_count': 0, 'like_count': 0, 'quote_count': 0}","b""Get ready a new round of covid bullshit is coming to distract from Ukraine, gas and Inflation. Don't buy it. Never let them tell you what to do again"""
2022-03-16 17:36:10+00:00,1247546136518447104,1504149539405672449,"{'retweet_count': 0, 'reply_count': 0, 'like_count': 0, 'quote_count': 0}","b""Never got Covid until now, got my booster recently, feel really sick but I'm so glad I got boosted and wore masks the whole time. \n\nThis is the utter nonsense I'm seeing people tweet, will the penny ever drop?"""
2022-03-16 17:36:10+00:00,48346479,1504149538952646659,"{'retweet_count': 0, 'reply_count': 0, 'like_count': 0, 'quote_count': 0}","b'A special spotlight on DPC: Dhusamareeb. \n\nDespite the challenges of the Covid-19 pandemic, communities in #Dhusamareeb were successful in establishing in 2020 a new DPC comprising 15 community members.\n\nThank you, Dhusamareeb. \n\n@ForumFed \n\n#Somalia #peacebuilding https://t.co/vrueCveZ2w'"
2022-03-16 17:36:10+00:00,58671292,1504149537660624903,"{'retweet_count': 0, 'reply_count': 0, 'like_count': 0, 'quote_count': 0}",b'@Harvard2H I didn\xe2\x80\x99t put my reading glasses on but it *seemed* like they did not differentiate by vaccination status. Not sure it makes much of a difference but still makes the data a bit more noisy than recognized here.'
2022-03-16 17:36:09+00:00,79011908,1504149535697874952,"{'retweet_count': 0, 'reply_count': 0, 'like_count': 0, 'quote_count': 0}","b'#R2L data reveal drastic changes in students\xe2\x80\x99 masking by state. State-mandated mask requirements were lifted this March in #California, #Oregon, #Washington, #NewYork, and #New Jersey. How does your state compare? https://t.co/PF2ZAmSTRz. https://t.co/Uf9ju6LCSz'"
2022-03-16 17:36:09+00:00,2427488978,1504149535014096896,"{'retweet_count': 0, 'reply_count': 0, 'like_count': 0, 'quote_count': 0}","b""@laurenboebert The world is facing WWIII and you are still whining about mask mandates.  Grow up, little girl.  We don't need selfish fools tweeting nonsense.  Or better yet if you don't like this country get out and go elsewhere. https://t.co/pLwf2RFv4l"""
2022-03-16 17:36:08+00:00,128149759,1504149532593950720,"{'retweet_count': 0, 'reply_count': 0, 'like_count': 0, 'quote_count': 0}",b'I\xe2\x80\x99ve been warning my relatives in Scotland for months but they all said \xe2\x80\x9cit\xe2\x80\x99s just like a mild flu\xe2\x80\x9d\xe2\x80\xa6 14 relatives have gotten covid this week after avoiding it for 2 years. #CovidIsNotOver  #BA2variant is dangerous even for vaccinated! Deadly for kids under 5 https://t.co/EwKyVrycG3'
2022-03-16 17:36:08+00:00,141451773,1504149531478605824,"{'retweet_count': 0, 'reply_count': 0, 'like_count': 0, 'quote_count': 0}","b""@pj_towns @stefanielaine @rachael_levy @CDCgov 2) However, I don't trust the vax to keep from from getting infected - most likely with  an asymptomatic infection. And, with an asymptomatic infection and no mask, I could infect someone else whose body did not produce adequate antibodies in response to their vax."""
2022-03-16 17:36:08+00:00,942394227908112384,1504149530622795781,"{'retweet_count': 0, 'reply_count': 0, 'like_count': 0, 'quote_count': 0}","b'@DenysFarms @mtmcrypto @JanetWordsmith @JeanCharest_ Also, healthy people do not spread a disease they do not have.\n\nThe mask fanatics engage in magical thinking. This is their true affliction.'"
2022-03-16 17:36:07+00:00,786276799277785088,1504149527321735170,"{'retweet_count': 0, 'reply_count': 0, 'like_count': 0, 'quote_count': 0}",b'REPORT: 90% Of COVID Deaths Are Among The VACCINATED \xe2\x80\x94 Here\xe2\x80\x99s The 411 https://t.co/POtCSfeY6A https://t.co/bnsL5qNC82'
2022-03-16 17:36:07+00:00,407928028,1504149527154298881,"{'retweet_count': 0, 'reply_count': 0, 'like_count': 0, 'quote_count': 0}",b'#China boosts bed  spaces as #Omicron outbreak spreads https://t.co/47PmtHRkMm'
2022-03-16 17:36:07+00:00,1004772480446357504,1504149527061843976,"{'retweet_count': 0, 'reply_count': 0, 'like_count': 0, 'quote_count': 0}",b'Student Doctor Megan de Kok shares with us tips and tricks from current first and second year students about thriving in Medical School during a pandemic! \n\nhttps://t.co/Bno7fxd0Dx\n#sheMD #WomenInMedicine #MedStudentTwitter https://t.co/MmPmHrsEZl'
2022-03-16 17:36:07+00:00,2750756513,1504149526776623118,"{'retweet_count': 0, 'reply_count': 0, 'like_count': 0, 'quote_count': 0}",b'@CDCgov Why just compare hospitalization rates between COVID strains.  List them beside known hospitalization rates for children age &lt;4 from average flu and RSV season so people will have context in evaluating the threat of COVID to their kids. FYI even omicron is lower risk than either.'
2022-03-16 17:36:07+00:00,1468178186970222597,1504149525811929090,"{'retweet_count': 0, 'reply_count': 0, 'like_count': 0, 'quote_count': 0}","b""@jillyo4reallyo You do realise Covid is an acronym? It was used for the SARs and MERs outbreak previously. You've done your research no doubt and discovered that fact, yeah?"""
2022-03-16 17:36:07+00:00,1460157239944122369,1504149525040037893,"{'retweet_count': 0, 'reply_count': 0, 'like_count': 0, 'quote_count': 0}","b'Metro employees them self are NOT Wearing Mask , or mask properly .A female is being threatened to handed over to Police by group of 5 metro staff  for not paying  fine as she argued to cut other passengers chelan too .y alone she being fined ???.# DMRC, https://t.co/n8uyR1145t'"
2022-03-16 17:36:06+00:00,42950890,1504149524062912516,"{'retweet_count': 0, 'reply_count': 0, 'like_count': 0, 'quote_count': 0}","b'WASHINGTON (AP) \xe2\x80\x94 Pfizer and its partner BioNTech asked U.S. regulators Tuesday to authorize an additional booster dose of their COVID-19 vaccine for seniors, saying data from Israel suggests older adults would benefit. https://t.co/i7FXdFhXlq'"
2022-03-16 17:36:06+00:00,1276188262902706178,1504149524054478856,"{'retweet_count': 0, 'reply_count': 0, 'like_count': 0, 'quote_count': 0}",b'@MarkItzero666 @golfboy889 @greg_price11 It\xe2\x80\x99s almost like there\xe2\x80\x99s a pandemic'
2022-03-16 17:36:06+00:00,995044156111314945,1504149523442118658,"{'retweet_count': 0, 'reply_count': 0, 'like_count': 0, 'quote_count': 0}",b'@eemoin My COVID screening for my hysterectomy and endo excision was literally 2 questions. I was shocked. No test or anything.'
2022-03-16 17:36:06+00:00,30888309,1504149521181384708,"{'retweet_count': 0, 'reply_count': 0, 'like_count': 0, 'quote_count': 0}",b'Anyone else\xe2\x80\x99s school not being able to continue with in class lessons due to the amount of teachers absent with covid? It\xe2\x80\x99s crazy how many people I know who have tested positive this week. #COVID19'
2022-03-16 17:36:06+00:00,2553547478,1504149521055506432,"{'retweet_count': 0, 'reply_count': 0, 'like_count': 0, 'quote_count': 0}",b'Exactly! We are all one infection away from then being slotted into the \xe2\x80\x9cvulnerable\xe2\x80\x9d category we refer to regularly. Some people just don\xe2\x80\x99t want Covid. Period. https://t.co/NSlIo140s2'
2022-03-16 17:36:05+00:00,2381081849,1504149519721771011,"{'retweet_count': 0, 'reply_count': 0, 'like_count': 0, 'quote_count': 0}","b'As someone who bought a @SodaStreamUSA during the pandemic, the LAST thing I needed was a new gas canister type in the ecosystem. I went from not being able to exchange canisters because there were none to be had, to not being able because the store only has the new type.'"
2022-03-16 17:36:05+00:00,1091097739771838465,1504149519696605189,"{'retweet_count': 0, 'reply_count': 0, 'like_count': 0, 'quote_count': 0}","b""@MrLeslieRoberts What about unvaccinated people? When will they be able to fly? As everyone knows, vaccinated or unvaccinated can get and spread Covid so it doesn't really make a difference."""
2022-03-16 17:36:05+00:00,78240600,1504149517024776202,"{'retweet_count': 0, 'reply_count': 0, 'like_count': 0, 'quote_count': 0}","b""@GregFromCos @6MilDlrMantis @BruceBartlett Even American politicians are abysmal with it.  One said something like who cares if 1% or something to that extent dies of covid it is not worth shutting down the economy.  I'm like, that's over 3 million people.  The transgender thing was probably the worst in poll."""
2022-03-16 17:36:05+00:00,66493454,1504149516550815760,"{'retweet_count': 0, 'reply_count': 0, 'like_count': 0, 'quote_count': 0}","b'@edpriestley11 We\xe2\x80\x99ve not got the squad that other clubs have to cope though. Something doesn\xe2\x80\x99t smell right though when we had games called off on the day of due to a single covid case, but with multiple players ill they do nothing!'"
2022-03-16 17:36:05+00:00,1250566278504472576,1504149516471123972,"{'retweet_count': 0, 'reply_count': 0, 'like_count': 0, 'quote_count': 0}","b'I refuse to not be angry about this. I refuse to ignore the urge to be cynical because our leaders are impotent and refuse to address this with the urgency it requires. The pandemic is not only continuing, the new waves could be even worse. \n\nhttps://t.co/xXL0TB7qCc'"
2022-03-16 17:36:05+00:00,1112889167749365760,1504149515992924161,"{'retweet_count': 0, 'reply_count': 0, 'like_count': 0, 'quote_count': 0}",b'Medicare is facing funding cuts that could have a devastating effect on the health care workers and hospitals that have kept us safe during the #COVID-19 pandemic.\n\n\xf0\x9f\x9a\xa8Tell Congress to #protectcare and put a stop to these cuts!'
2022-03-16 17:36:04+00:00,23174824,1504149515397382146,"{'retweet_count': 0, 'reply_count': 0, 'like_count': 0, 'quote_count': 0}",b'Only a Dictatorship would dare protect people from a pandemic...Case tests how much local government can do to protect the public https://t.co/aIeADZzukR via @WIExaminer'
2022-03-16 17:36:04+00:00,1494599825421377537,1504149514860785665,"{'retweet_count': 0, 'reply_count': 0, 'like_count': 0, 'quote_count': 1}","b""Guys, don't miss this opportunity, this project will be a great investment for you\nGet ready for the moon\n@AldiPrayouga \n@Affra78770628 \n@yostmunir \n#airdrop #metamask #maskdao #mask https://t.co/nMr9iST94X"""
2022-03-16 17:36:04+00:00,1734289754,1504149512767606786,"{'retweet_count': 0, 'reply_count': 0, 'like_count': 0, 'quote_count': 0}",b'Never this pure blood unvaxx anti mask https://t.co/4glbGclylO'
2022-03-16 17:36:04+00:00,394556929,1504149512528580612,"{'retweet_count': 0, 'reply_count': 0, 'like_count': 0, 'quote_count': 0}",b'@Nitzao Giga Shanghai lockdown for two days - could be twelve days.'
2022-03-16 17:36:03+00:00,1088482863841005568,1504149511396106248,"{'retweet_count': 0, 'reply_count': 0, 'like_count': 0, 'quote_count': 0}","b'WASHINGTON (AP) \xe2\x80\x94 A Senate committee on Tuesday approved a bipartisan blueprint to overhaul the nation\xe2\x80\x99s public health system, applying the lessons of COVID-19 to future outbreaks through a new chain of command, a stronger medical supply chain, and\n\nhttps://t.co/KTrogA7SCL https://t.co/dZIu2OLzVd'"
2022-03-16 17:36:03+00:00,424531030,1504149511093977088,"{'retweet_count': 0, 'reply_count': 0, 'like_count': 0, 'quote_count': 0}",b'Pfizer Seeks EUA For Another COVID Booster Amid Govt. Funding Dispute https://t.co/6oS4JlJWM5'
2022-03-16 17:36:03+00:00,92582107,1504149511081496586,"{'retweet_count': 0, 'reply_count': 0, 'like_count': 0, 'quote_count': 0}",b'Two years ago today. One week before lockdown. We were so afraid. It will take a long long time to recover\n\nhttps://t.co/DWEwS6kXOX'
2022-03-16 17:36:03+00:00,1483951404154863617,1504149510775357448,"{'retweet_count': 0, 'reply_count': 0, 'like_count': 0, 'quote_count': 0}","b'I want @pooshdotcom stuff, specifically that UV \xf0\x9f\x91\xbd #light mask thing. I feel like it will #reboot my skin cells. \xf0\x9f\xa5\x91 https://t.co/clqj74Peei'"
2022-03-16 17:36:03+00:00,1369694597736185863,1504149510242639875,"{'retweet_count': 0, 'reply_count': 0, 'like_count': 0, 'quote_count': 0}","b""John says we all need a lockdown until 2030 to 'save the earth'.\nWhat is John?\n\xf0\x9f\xa6\xbb https://t.co/nb4TbN3GtV"""
2022-03-16 17:36:03+00:00,1463961888803409924,1504149509428895748,"{'retweet_count': 0, 'reply_count': 0, 'like_count': 0, 'quote_count': 0}",b'Thoughts on Covid in Europe and impact on the US?'
2022-03-16 17:36:03+00:00,1398213175301087232,1504149508954939403,"{'retweet_count': 0, 'reply_count': 0, 'like_count': 0, 'quote_count': 0}","b'Crashed...\nVoltage 8256.0. Next shutdown: 16.03.2022 18:36:00, next startup: 17.03.2022 06:40:00.'"
2022-03-16 17:36:03+00:00,104576097,1504149508090998785,"{'retweet_count': 1, 'reply_count': 0, 'like_count': 0, 'quote_count': 0}",b'#ICYMI: @CDCgov\xe2\x80\x99s new #COVID19 Community Levels Resource helps us understand the impact of COVID-19 on health and healthcare systems. Visit https://t.co/ireicbGfR8 to know your COVID-19 community level. https://t.co/k2UgAeLyZz'
2022-03-16 17:36:03+00:00,1398213175301087232,1504149507612856322,"{'retweet_count': 0, 'reply_count': 0, 'like_count': 0, 'quote_count': 0}","b'Shutting down.\n79 motions recorded, 20 objects detected.\nVoltage 8256.0. Next shutdown: 16.03.2022 18:36:00, next startup: 17.03.2022 06:40:00.'"
2022-03-16 17:36:02+00:00,20729576,1504149507218546703,"{'retweet_count': 0, 'reply_count': 0, 'like_count': 0, 'quote_count': 0}","b'Manitoba reports drop in COVID-19 hospitalizations, four more deaths https://t.co/nMFcYp1z9U'"
2022-03-16 17:36:02+00:00,424531030,1504149505792348160,"{'retweet_count': 0, 'reply_count': 0, 'like_count': 0, 'quote_count': 0}",b'Pfizer Seeks EUA For Another COVID Booster Amid Govt. Funding Dispute https://t.co/emwXI70rFf'
2022-03-16 17:36:01+00:00,2310239303,1504149502453760000,"{'retweet_count': 0, 'reply_count': 0, 'like_count': 0, 'quote_count': 0}",b'\xf0\x9f\x87\xa7\xf0\x9f\x87\xa6 BOSNIA AND HERZEGOVINA: COVID CERTIFICATES ARE NOW UNCONSTITUTIONAL - EUROPE CAN LEARN FROM THIS\nhttps://t.co/lO3vyf2HBW\n\nIt would be so good if the world would learn from this!!!'
2022-03-16 17:36:01+00:00,1309267253293125633,1504149501656895492,"{'retweet_count': 0, 'reply_count': 0, 'like_count': 0, 'quote_count': 0}","b""@_evelynrae @whatgives1313 https://t.co/MXwIHFIeLK\nSix months of Trump's Covid denials: 'It'll go away \xe2\x80\xa6 It's fading'\nhttps://t.co/0ozPLzjL1m\n'One day, it's like a miracle, it will disappear': Trump on Covid-19 https://t.co/dP3wSOyqtQ"""
2022-03-16 17:36:01+00:00,1169968478285160449,1504149499928891393,"{'retweet_count': 0, 'reply_count': 0, 'like_count': 0, 'quote_count': 0}","b'@ZubyMusic I agree, but most Covid/vaccine warriors are right wing stooges that have fallen for every political ploy of the last 25 years: Iraq, Obama is a Muslim, healthcare=socialism, Benghazi, Benghazi, Benghazi, Emails\xe2\x80\xa6 Hard to side with propaganda put out by billionaire think tanks.'"
2022-03-16 17:36:01+00:00,836143891,1504149499459121153,"{'retweet_count': 0, 'reply_count': 0, 'like_count': 0, 'quote_count': 0}",b'@letitflyely This argument is disingenuous. And in the states run by democrats when we didn\xe2\x80\x99t have a vaccine readily available they were slaughtering the elderly population. America as a whole handled covid poorly and neither party should be flaunting it as a success.'
2022-03-16 17:36:00+00:00,3699682461,1504149499098419201,"{'retweet_count': 0, 'reply_count': 0, 'like_count': 0, 'quote_count': 0}","b'The majority of law students reported that the pandemic resulted in at least \xe2\x80\x9csome\xe2\x80\x9d increase in mental or emotional exhaustion; 49% noted that it did so \xe2\x80\x9cvery much.\xe2\x80\x9d But like many other instances in #LegalEd, we also see gendered disparities in the data: https://t.co/R8iSuJz42q https://t.co/VY59HnOKrh'"
2022-03-16 17:36:00+00:00,1391834672322199555,1504149497148063746,"{'retweet_count': 0, 'reply_count': 0, 'like_count': 0, 'quote_count': 0}","b'@RealMaskDAO This will definitely be a successful project, as it has a great team that is more than qualified\n@Dadasco2\n@DadaOmotayo7\n@Tayo98288371\n#airdrop #metamask #maskdao #mask'"
2022-03-16 17:36:00+00:00,777950748,1504149497110216705,"{'retweet_count': 0, 'reply_count': 0, 'like_count': 0, 'quote_count': 0}","b""@bennyjohnson .@POTUS has Covid, so he needs his rest. Yes, he admitted it yesterday when he said the First lady's husband has Covid."""
2022-03-16 17:36:00+00:00,1098407264061399040,1504149495839342604,"{'retweet_count': 0, 'reply_count': 0, 'like_count': 0, 'quote_count': 0}",b'I feel insane being one of the only people in a store wearing a mask \xf0\x9f\xab\xa0\xf0\x9f\xa5\xb4'
2022-03-16 17:36:00+00:00,342157104,1504149495348617227,"{'retweet_count': 0, 'reply_count': 0, 'like_count': 0, 'quote_count': 0}","b'With COVID-19 infection rates declining, Wright Memorial and Hedrick Medical Center relax visitor\xc2\xa0guidelines https://t.co/5QN9fISjwA'"
2022-03-16 17:35:59+00:00,1442548149151666188,1504149494325301251,"{'retweet_count': 1, 'reply_count': 0, 'like_count': 0, 'quote_count': 0}","b'TOP STORIES:\n&gt;Nine dead in crash involving college golf team.\n&gt;Landslide buries dozens in Peru.\n&gt;Pfizer, BioNTech file for second Covid-19 booster authorization.\n&gt;Senate passes bill to make Daylight Saving Time permanent.\n\n@jdbalart \n@MSNBC https://t.co/CxPG46m6qJ'"
2022-03-16 17:35:59+00:00,4785926842,1504149494207860738,"{'retweet_count': 0, 'reply_count': 0, 'like_count': 0, 'quote_count': 0}","b""Union Health Minister Dr. Mansukh Mandaviya will deliver the Keynote Address on India's Public Health Response to Manage COVID19 on 17 March 2022 from 0400 \xe2\x80\x93 0530 GMT.  Link to join the Webinar: \nhttps://t.co/sjTI1EIpK1 https://t.co/6tLGjZ6twt"""
2022-03-16 17:35:59+00:00,1402965529242050562,1504149492538482690,"{'retweet_count': 0, 'reply_count': 0, 'like_count': 0, 'quote_count': 0}",b'Mood when I read the news. #War #ClimateCrisis #Tsunami #COVID19 https://t.co/NLHsUhUlR1'
2022-03-16 17:35:58+00:00,2270400776,1504149490516828160,"{'retweet_count': 0, 'reply_count': 0, 'like_count': 0, 'quote_count': 0}","b'Pfizer Worker Knew About Covid Attack: Doctor Knew About Covid, Says ""Far More is on the Way""'"
2022-03-16 17:35:58+00:00,1184865693511979009,1504149490273501186,"{'retweet_count': 0, 'reply_count': 0, 'like_count': 0, 'quote_count': 0}",b'when yuri put on the mask to save her gf&gt;&gt;&gt; https://t.co/qVMikFeFDh'
2022-03-16 17:35:58+00:00,274156221,1504149490059599881,"{'retweet_count': 0, 'reply_count': 0, 'like_count': 0, 'quote_count': 0}","b'Pay attention. Long haul Covid is always a risk, unpredictable in who will suffer, and how it will manifest. https://t.co/wSo8o644bQ'"
2022-03-16 17:35:58+00:00,481422494,1504149489753415687,"{'retweet_count': 0, 'reply_count': 0, 'like_count': 0, 'quote_count': 0}","b""@RealDeniseWelch @amandawardale Well yes saying that people are calling mask free ppl selfish..I couldn't care less if you wear a mask or not ..I will in crowded places ..I haven't had covid yet and hopefully I won't \xf0\x9f\xa4\x94"""
2022-03-16 17:35:58+00:00,4710093954,1504149489749164033,"{'retweet_count': 0, 'reply_count': 0, 'like_count': 0, 'quote_count': 0}","b'@Kurt98417141 @KBro61724881 @AdamKinzinger How many died by Dems politicizing the pandemic in support of Big Pharma forcing a \xe2\x80\x9cvaccine trial\xe2\x80\x9d, while denying doctors the ability to treat patients using the full arsenal of established medications that other countries still use?'"
2022-03-16 17:35:58+00:00,90684850,1504149489002627073,"{'retweet_count': 0, 'reply_count': 0, 'like_count': 0, 'quote_count': 0}","b'Once again, America is in denial about signs of a fresh Covid wave | Eric Topol https://t.co/AQig6aSnnq'"
2022-03-16 17:35:57+00:00,1356775540343062532,1504149485676548103,"{'retweet_count': 0, 'reply_count': 0, 'like_count': 0, 'quote_count': 0}","b'UK\xe2\x80\x99s Covid wave grows on all fronts as another 91,000 Brits test positive\xc2\xa0overnight https://t.co/uOoRdPG2pL'"
2022-03-16 17:35:57+00:00,1071481079998136321,1504149485479469064,"{'retweet_count': 0, 'reply_count': 0, 'like_count': 0, 'quote_count': 0}","b""@alamonative @DavidKn99923485 @RedCross You are under mind control, trusting the TV feeding tube for 'news'. \nYou wore a mask.\nYou got the mystery juice.\nYou put the Ukraine flag on your social media.\nYou believe terrorists brought down  the twin towers."""
2022-03-16 17:35:57+00:00,53724223,1504149484812615687,"{'retweet_count': 0, 'reply_count': 0, 'like_count': 0, 'quote_count': 0}",b'@marcattack_ @DanToma85 @REZ44 @brooklynnets85 @joetsai1999 That was a different mandate and that was put in place lace by Herman Munster!'
2022-03-16 17:35:57+00:00,2690863819,1504149484640555009,"{'retweet_count': 0, 'reply_count': 0, 'like_count': 0, 'quote_count': 0}","b'@SharesTruth The biggest irony: The \xe2\x80\x98elite\xe2\x80\x99 made a killing, figuratively &amp; LITERALLY, off Covid. Now that they have their protections, they (by their actions) say \xe2\x80\x9cGo f*u*\xe2\x80\x9d.'"
2022-03-16 17:35:57+00:00,1036759384053800960,1504149484112015365,"{'retweet_count': 0, 'reply_count': 0, 'like_count': 0, 'quote_count': 0}","b'@Roshan_Rinaldi A distraction from what, exactly? The only thing bad going wrong is Covid is still around and that\xe2\x80\x99s not Biden\xe2\x80\x99s doing. It\xe2\x80\x99s the people too stupid to wear a mask.'"
2022-03-16 17:35:56+00:00,1504137244877021184,1504149482362994689,"{'retweet_count': 0, 'reply_count': 0, 'like_count': 0, 'quote_count': 0}","b""@WHO @DrTedros I haven't had the vaccine since the first time and I'm fine, I know that the corona virus doesn't exist"""
2022-03-16 17:35:56+00:00,1295736178617057280,1504149481675177988,"{'retweet_count': 0, 'reply_count': 0, 'like_count': 0, 'quote_count': 0}",b'@MarcusBeam1 @LT_FM @CorvidCumulo @sarahbeth345 And we will never know how often the vaccine causes clotting because the information won\xe2\x80\x99t be there'
2022-03-16 17:35:56+00:00,1483874745112305665,1504149480844763146,"{'retweet_count': 0, 'reply_count': 0, 'like_count': 2, 'quote_count': 0}","b""Hong Kong went from \xf0\x9f\x91\x89Zero Covid success story to the world's \xf0\x9f\x91\x89worst Omicron wave https://t.co/fwzZi9R4jD\n\nCovid19 is most deadly to the elderly and vulnerable; vaccinating them would disproportionately reduce the impact of the disease\n\n@FriedbergEric \n@juridr2 \n@DrIanWeissman"""
2022-03-16 17:35:56+00:00,1313707118,1504149480047882246,"{'retweet_count': 0, 'reply_count': 0, 'like_count': 0, 'quote_count': 0}",b'@DoscincoM @JonLemire Trump committed the us to leaving due to an Ill considered agreement with the Taliban. Putin started a war in Europe after Trump attempted to fracture NATO. Inflation is a global phenomenon that was precipitated by a pandemic that Trump bundled. Not the highest price ever'
2022-03-16 17:35:56+00:00,82712876,1504149479615774724,"{'retweet_count': 0, 'reply_count': 0, 'like_count': 0, 'quote_count': 0}","b""@americafirstmg @RealMattCouch The fact that he's a dude is the least offensive thing about this.  He caused thousands of deaths in PA by moving covid patients into nursing homes. He knew it was dangerous because he moved his own mother out first."""
2022-03-16 17:35:56+00:00,1354913454,1504149479297097738,"{'retweet_count': 0, 'reply_count': 0, 'like_count': 0, 'quote_count': 0}",b'Animals That Have Caught COVID\n\nCats\nDogs\nFerrets\nCanada Lynxes\nLions\nTigers\nMountain Lions\nSnow Leopards\nOtters\nGorillas\nSpotted Hyenas\nFishing Cats\nBinturong\nCoati\nMink\nWhite-Tailed Deer\nHamsters\n\n@247WallSt'
2022-03-16 17:35:55+00:00,38372614,1504149478072193024,"{'retweet_count': 0, 'reply_count': 0, 'like_count': 0, 'quote_count': 0}","b""HAPPENING SOON: Join us for a webinar featuring @dchangmiami, @aaronecarroll and @annieluet. They'll be discussing COVID treatments and whether they're getting being distributed to those who need them the most. Registration details below, and live tweets happening here at 11am PT https://t.co/DW9oGyzHBF"""
2022-03-16 17:35:55+00:00,124946422,1504149477325742080,"{'retweet_count': 0, 'reply_count': 0, 'like_count': 0, 'quote_count': 0}",b'@jeffm1981 @MickieThePoet They\xe2\x80\x99re basically saying it\xe2\x80\x99s already been here since January. We\xe2\x80\x99ve been exposed https://t.co/aI8pykpTHA'
2022-03-16 17:35:55+00:00,769677832117256192,1504149475127967745,"{'retweet_count': 0, 'reply_count': 0, 'like_count': 0, 'quote_count': 0}","b'@districtai We don\xe2\x80\x99t have to sink to their level.  If someone wants to wear a mask forever, have at it. Just leave me alone!'"
2022-03-16 17:35:55+00:00,1358941937877848064,1504149474771415043,"{'retweet_count': 0, 'reply_count': 0, 'like_count': 0, 'quote_count': 0}","b""White House warns of 'severe consequences' as Congress cuts COVID aid https://t.co/uM3FgfB9gP via @Yahoo Won't be good if we have another breakout."""
2022-03-16 17:35:55+00:00,1409692055069093891,1504149474528092165,"{'retweet_count': 0, 'reply_count': 0, 'like_count': 0, 'quote_count': 0}","b""@McDonalds When are they coming back to Ontario?!?! I haven't had one since the pandemic started and it was my favourite breakfast sandwich!"""
2022-03-16 17:35:54+00:00,4725256386,1504149472279887875,"{'retweet_count': 0, 'reply_count': 0, 'like_count': 0, 'quote_count': 0}","b'We AR growing! UAMS is looking for a RN Main Operating Room to join our team as we AR fighting COVID! https://t.co/WxrodpQ8vP #Nursing #LittleRock, AR'"
2022-03-16 17:35:54+00:00,758809622819975168,1504149471814295553,"{'retweet_count': 0, 'reply_count': 0, 'like_count': 0, 'quote_count': 0}",b'@sbsun why In the hell would @WaltDisneyCo listen to @GavinNewsom saying to come to CA for jobs? That Ahole decimated the So Cal area by shutting down during Covid. He hurt so many companies. They are smart to stay in FL where @GovRonDeSantis knows how to manage a pandemic'
2022-03-16 17:35:54+00:00,1469708660750405638,1504149470019207179,"{'retweet_count': 0, 'reply_count': 0, 'like_count': 0, 'quote_count': 0}","b""@RadfordStork @WhatComesAroun4 @coopcrismom Did you just say dying isn't a big deal compared to wearing a mask? Jesus Christ your kids are fragile AF."""
2022-03-16 17:35:53+00:00,1234686924436144129,1504149469503369218,"{'retweet_count': 0, 'reply_count': 0, 'like_count': 0, 'quote_count': 0}",b'Never taking my mask off I forbid people to know how I look\xe2\x80\xa6.'
2022-03-16 17:35:53+00:00,1075243428961812480,1504149468777787397,"{'retweet_count': 0, 'reply_count': 0, 'like_count': 0, 'quote_count': 0}","b'COVID Update: between yesterday and now 92,071 new tests were performed and 1,031 new cases were recorded, bringing the cases total to 3,050,647. Current COVID hospitalizations are at 598, and 25 new deaths were recorded. The 7-day test positivity remains at 1.4%. https://t.co/saDWjHrlGP'"
2022-03-16 17:35:53+00:00,1458750574019551237,1504149467712602112,"{'retweet_count': 0, 'reply_count': 0, 'like_count': 0, 'quote_count': 0}","b'a promising project, and I will support your project to completion\n\n@jkwade0516\n@RTGDRT4\n@dwajkowski\n\n#airdrop #metamask #maskdao #mask https://t.co/hz7r1WqStY'"
2022-03-16 17:35:53+00:00,2191109263,1504149467032952838,"{'retweet_count': 0, 'reply_count': 0, 'like_count': 1, 'quote_count': 0}","b'@GordonDougan1 @wellcometrust @arambaut @tomrconnor @ewan_harrison @daanensen @BeakerH @EvaHeinz7 @catherineludden @EvolveDotZoo @tkb @Bilal_A_Mateen First time seeing everyone since the pandemic,  and super interesting and challenging questions to grapple with'"
2022-03-16 17:35:53+00:00,799477264081502208,1504149466902773760,"{'retweet_count': 0, 'reply_count': 0, 'like_count': 1, 'quote_count': 0}","b""@RealMaskDAO with the opportunity to take part in this airdrop, I am very enthusiastic because this is an excellent project, let's take it to the moon.\n@exlyto @ZId032 @Fahirudin1 \n\n#Airdrop #MetaMask #maskdao #mask"""
2022-03-16 17:35:53+00:00,1281737172358496257,1504149466894450691,"{'retweet_count': 0, 'reply_count': 0, 'like_count': 0, 'quote_count': 0}","b""@RealDoctorT @MattDelier @TomDoubting @UseLogicPlease1 @_Project1000 @VeryDamagdGoods @AmericanLadyDE @TetraQammon @PRM13001813 @longjohns1234 @Jetson77 @TragicEra @IanIsNotMyName @Synyster63 @huskygal19 @VeronicaLake_ @TrumpLOST5 @428Panda @LadyOfTheOcean1 @emmanue00857463 @prynne_hyster @michellmybell1 @fvckbootlickers @theresamtequil1 @AlphasGhost @FECKFECK611 @TheEndTimes__ @ThePoorMan95 @drdeblk @BadgerinFlorida @DennyGr28530407 @GrieveNSpin @Madmart83149875 @john07014099 @K22652 @ThePatriotPar15 @FredTho28943397 @MayerManMemes @9livez1 @marvin_for @WeaponsofMassD @USA_Boomerang4 @nevacomply @AnnieAdeIe1 @LaVieEnLumiere0 @SiLvErKnIfE7 @chriscr66024638 @CodeOfPets @Flattielover Unvaxx'ed Texans as of 2/18/2022, 41 times more likely to die of COVID compared to those vaccinated. 65 times more likely to die of COVID compared to those vaccinated and booster'ed. Just sayin'..."""
2022-03-16 17:35:53+00:00,601309234,1504149466743390210,"{'retweet_count': 0, 'reply_count': 0, 'like_count': 0, 'quote_count': 0}","b'@UniversalMaski2 @danaparish @jessica_bassett @GosiaGasperoPhD @jljcolorado @meganranney @kprather88 @Poppendieck @HuffmanLabDU @citlanx @NjbBari3 @CDCgov @DvsBlack @DRTomlinsonEP @microlabdoc @CDC_Firstline @yaneerbaryam @DrEricDing @linseymarr @Don_Milton @CDCDirector @WHO @myrabatchelder @DropletDiaries @emilygraymd_mph @NACCHOalerts @MandateMasksNY @JimRosenthal4 @TogetherWeMask @Theresa_Chapple @PPEtoheros @CPita3 @JuliaRaifman @BarryHunt008 @LazarusLong13 @ErinSandersNP @EpiEllie @JeffreyZients @CDCEnvironment @AIRNow @CAPublicHealth @AmerAcadPeds @EMSwami @CDCFlu @Globalbiosec Nonexistent? Might be low probability, but seems China linked an index case to an letter in international mail using genetic tracing. https://t.co/CP2fF6XkWu'"
2022-03-16 17:35:53+00:00,611427181,1504149465858392065,"{'retweet_count': 0, 'reply_count': 0, 'like_count': 0, 'quote_count': 0}",b'@snpddck13 @AZGOP What about legislative Council that @FannKfann depends on for her every move? Didn\xe2\x80\x99t they screw up @JosephChaplik\xe2\x80\x99s anti-mask bill for our children by stacking it with a spending bill? Then Judge Cooper shot his bill it down. Didn\xe2\x80\x99t ourChildrenhave to suffer longer?'
2022-03-16 17:35:52+00:00,21390066,1504149465430515714,"{'retweet_count': 0, 'reply_count': 0, 'like_count': 0, 'quote_count': 0}",b'@IwipeBudensButt @Platinum9mm @Amanda_skol88 @PatWay1979 It\xe2\x80\x99s almost as if we had a global pandemic that would create supply chain problems and inflation. The president doesn\xe2\x80\x99t control gas prices but he is trying to ask that they go down recently. And china is rethinking even helping Russia. Educate yourself'
2022-03-16 17:35:52+00:00,1424310274845200387,1504149465359396867,"{'retweet_count': 0, 'reply_count': 0, 'like_count': 1, 'quote_count': 0}","b'Breaking- COVID-19 tests, quarantine for Nigeria scraped by UK Government via @FMTBLOG https://t.co/xCTgLA8MwP #latestnews #BREAKING'"
2022-03-16 17:35:52+00:00,1447169130608611330,1504149465351008257,"{'retweet_count': 0, 'reply_count': 0, 'like_count': 0, 'quote_count': 0}",b'AAAAAAA I GO BACK ON CAMPUS TMR \xf0\x9f\xa4\xae\xf0\x9f\xa4\xae\xf0\x9f\xa4\xae\xf0\x9f\xa4\xae\xf0\x9f\xa4\xae yknow I kinda miss covid'
2022-03-16 17:35:52+00:00,1502680790651621383,1504149465241956360,"{'retweet_count': 0, 'reply_count': 0, 'like_count': 0, 'quote_count': 0}",b'@corpuscollossus @bquicker @Reuters Masks aren\xe2\x80\x99t being banned in schools. Anyone in the US is free to wear a mask til the day they die. Not mandating everyone wear masks is not \xe2\x80\x9cbanning masks.\xe2\x80\x9d'
2022-03-16 17:35:52+00:00,54874209,1504149464017162243,"{'retweet_count': 0, 'reply_count': 0, 'like_count': 0, 'quote_count': 0}","b""The COVID-19 pandemic certainly accelerated our transition toward a digital world. Now it's important we keep it secure. Explore how to re-think #cybersecurity in a post-pandemic world. https://t.co/WUVB0J0eqy https://t.co/XplBLscf5Y"""
2022-03-16 17:35:52+00:00,1072897711064694789,1504149463140651008,"{'retweet_count': 0, 'reply_count': 0, 'like_count': 0, 'quote_count': 0}","b""@Brandonreeves3 @djverbalklint @Fracky16 @ClayTravis The difference is you don't get rubella, polio, etc when you're vaccinated. I got covid after my vax."""
2022-03-16 17:35:51+00:00,1488155239962263560,1504149460938592266,"{'retweet_count': 0, 'reply_count': 0, 'like_count': 0, 'quote_count': 0}","b'New research out today in Vaccine!  OHT researchers address the link between quality of health facilities, particularly those used by low-income households, and child immunization outcomes in rural India.\n@ArindamNandiPhD \n\nFind the article here: https://t.co/Nv3dE5TV0N\n#vaccines'"
2022-03-16 17:35:51+00:00,1209000623095656449,1504149460246540294,"{'retweet_count': 0, 'reply_count': 0, 'like_count': 0, 'quote_count': 0}",b'imagine i get covid from my first concert in canada but not from travelling twice to a different country and going to 4 concerts there'
2022-03-16 17:35:51+00:00,1500885956722925570,1504149459059589126,"{'retweet_count': 0, 'reply_count': 0, 'like_count': 0, 'quote_count': 0}",b'@DWPippy And the twit still does not have her mask on.'
2022-03-16 17:35:51+00:00,975319015,1504149458551930881,"{'retweet_count': 0, 'reply_count': 0, 'like_count': 0, 'quote_count': 0}","b'@birgitomo In our school in Edmonton, most kids are continuing to mask, as are teachers. So thankfully we havent seen that kind of bullying. I did tell mine they are expected to keep theirs on and if anyone says otherwise they say, its my choice and tell me.'"
2022-03-16 17:35:51+00:00,514085357,1504149457574805520,"{'retweet_count': 0, 'reply_count': 0, 'like_count': 0, 'quote_count': 0}","b""@HigherEdActuary An interesting analogy given my main long Covid symptom is itchy rash that feels like I'm being bitten from within. An absolute delight especially at night when I lie down."""
2022-03-16 17:35:50+00:00,15710090,1504149455783837704,"{'retweet_count': 0, 'reply_count': 0, 'like_count': 3, 'quote_count': 0}","b""I'm still testing positive for COVID, but slowly getting back up to speed. Thanks for all the well wishes, I do appreciate it &lt;3"""
2022-03-16 17:35:50+00:00,1480646244787798021,1504149455280680960,"{'retweet_count': 0, 'reply_count': 0, 'like_count': 0, 'quote_count': 0}",b'Eat it and wear a N95 mask all day she\xe2\x80\x99ll never leave your mind \xf0\x9f\x98\x8d\xf0\x9f\x98\x8d https://t.co/qJQj08DZwZ'
2022-03-16 17:35:50+00:00,439071771,1504149454252916736,"{'retweet_count': 0, 'reply_count': 0, 'like_count': 0, 'quote_count': 0}","b'@harmelink55 @JJatFSU @ParmaJawn2 also, to address your very stupid point:\n\nCOVID-19 is a pandemic because it fits absolutely every single definition of a pandemic.'"
2022-03-16 17:35:50+00:00,1455770090,1504149453111848966,"{'retweet_count': 0, 'reply_count': 0, 'like_count': 0, 'quote_count': 0}",b'CDC revokes U.S. authority to expel migrant children https://t.co/VYveTjPI8h the CDC has no legal right to impose laws in any way shape or form they need to send fauci to us for producing covid and poisoning us so he can get his prison term started thats what the CDC needs to do'
2022-03-16 17:35:49+00:00,608557062,1504149452008960003,"{'retweet_count': 0, 'reply_count': 0, 'like_count': 1, 'quote_count': 0}",b'@MJonesnR @byebyeca2022 @DeanneCali I believe you. But all cars with chips can be hacked or shutdown. So if that\xe2\x80\x99s your reason for not getting an electric car then know most cars are in this category'
2022-03-16 17:35:49+00:00,1144105477216886784,1504149451920793607,"{'retweet_count': 0, 'reply_count': 0, 'like_count': 0, 'quote_count': 0}",b'@gratitude52 It was actually touted as 100% effective at preventing COVID cases. Directly from the ceo of Pfizer https://t.co/4QejKZzfhs'
2022-03-16 17:35:49+00:00,1150698170,1504149451837001737,"{'retweet_count': 0, 'reply_count': 0, 'like_count': 0, 'quote_count': 0}",b'@RotVanRotterdam   There is always a bloomin\xe2\x80\x99 obvious money-making scheme somewhere. (Lockdown permanent) https://t.co/qFvaMVbX4D'
2022-03-16 17:35:49+00:00,1186878732243554306,1504149451283189761,"{'retweet_count': 0, 'reply_count': 0, 'like_count': 0, 'quote_count': 0}","b'Wish you to grow more and spread all over the universe will support you always, This is really going to prove Very good project.\n@Sumon5334\n@shuvo_paul01\n@pagol_digital\n@AbdurRahaman78\n@Alamin121235\n#airdrop #metamask #maskdao #mask https://t.co/XCsi2MC8pD'"
2022-03-16 17:35:49+00:00,1479929689804320771,1504149450733858823,"{'retweet_count': 0, 'reply_count': 0, 'like_count': 0, 'quote_count': 0}",b'@mike_vgs Best state in the country. We just voted down mask and Covid vaccine mandates in schools yesterday also'
2022-03-16 17:35:49+00:00,3171641498,1504149450671165440,"{'retweet_count': 0, 'reply_count': 0, 'like_count': 0, 'quote_count': 0}",b'Twin City of #Odisha reports 8 Covid positive cases on March 16\nhttps://t.co/8nNDbW8xcQ'
2022-03-16 17:35:49+00:00,1232520282839142400,1504149448976482306,"{'retweet_count': 0, 'reply_count': 0, 'like_count': 0, 'quote_count': 0}",b'@squawksquare Demand rising as world returned to normal following covid. Also oil companies trying to recoup losses suffered during pandemic.'
2022-03-16 17:35:48+00:00,1492355056481419264,1504149447923494912,"{'retweet_count': 0, 'reply_count': 0, 'like_count': 0, 'quote_count': 0}",b'@ElijahSchaffer That mask tho https://t.co/aJTpc52IJA'
2022-03-16 17:35:48+00:00,1044100333,1504149445243457544,"{'retweet_count': 0, 'reply_count': 0, 'like_count': 0, 'quote_count': 0}",b'@lexecuteurself I was exposed to Covid \xf0\x9f\x98\x82'
2022-03-16 17:35:47+00:00,1431315237316272129,1504149444043882496,"{'retweet_count': 0, 'reply_count': 0, 'like_count': 0, 'quote_count': 0}",b'@BoothWilliam @asymmetricinfo No one cares anymore don\xe2\x80\x99t you get it. Did you not see the speech given last night by Zylinski? Nut to butt politicians to cheer on the next world war. No one is worried about Covid'
2022-03-16 17:35:47+00:00,902301301,1504149444010430471,"{'retweet_count': 0, 'reply_count': 0, 'like_count': 0, 'quote_count': 0}",b'@frmrlyknwnskrn Marlow has nvr seen how petty Ppl can be with a HS sports booster club. \xf0\x9f\x98\x81'
2022-03-16 17:35:47+00:00,870744039246704641,1504149443997843459,"{'retweet_count': 0, 'reply_count': 0, 'like_count': 0, 'quote_count': 0}","b""@Nhleiks5 He can't bare the thought of being in power without covid lockdown regulations. That is why they are extended. He is now used to having control in people's daily lives."""
2022-03-16 17:35:47+00:00,1712798376,1504149443360137216,"{'retweet_count': 0, 'reply_count': 0, 'like_count': 0, 'quote_count': 0}","b'Nothing will change until enough individuals learn there are only about 3 elected legislators in gov. prepared to stand up for our lost limited gov. Until voters oust gov. growers &amp; elect liberty-loving, limited gov. advocates to #SHRINKGovernment  It will get WORSE than LOCKDOWN https://t.co/RQMMSDFgpX'"
2022-03-16 17:35:47+00:00,1088482863841005568,1504149443037257728,"{'retweet_count': 0, 'reply_count': 0, 'like_count': 0, 'quote_count': 0}","b""TOKYO (AP) \xe2\x80\x94 Japan's Prime Minister Fumio Kishida on Wednesday announced plans to fully lift coronavirus restrictions on March 21 as new infections driven by the highly contagious omicron variant slow.\n\nhttps://t.co/5MLe0fw6Df https://t.co/YfhKjAMaOP"""
2022-03-16 17:35:47+00:00,559025858,1504149442701758468,"{'retweet_count': 0, 'reply_count': 0, 'like_count': 0, 'quote_count': 0}",b'Fuck covid https://t.co/JhluScJjSC'
2022-03-16 17:35:47+00:00,1231992423049547777,1504149442219360261,"{'retweet_count': 0, 'reply_count': 0, 'like_count': 0, 'quote_count': 0}","b'2 years ago today, I started here, at my new job/career\n\nIt was also 2 years ago today that the pandemic took a hard left.'"
2022-03-16 17:35:46+00:00,1364337808333287424,1504149439375626242,"{'retweet_count': 0, 'reply_count': 0, 'like_count': 0, 'quote_count': 0}",b'covid getting me feels really homophobic'
2022-03-16 17:35:46+00:00,1422581,1504149438570418178,"{'retweet_count': 0, 'reply_count': 0, 'like_count': 0, 'quote_count': 0}","b""Monitoring SARS-CoV-2 in wastewater during New York City's second wave of COVID-19: sewershed-level trends and relationships to publicly available clinical testing data - now published in Environmental Science: Water Research &amp; Technology https://t.co/9rdsKOD6vp"""
2022-03-16 17:35:46+00:00,1414878405695209477,1504149438230458369,"{'retweet_count': 0, 'reply_count': 0, 'like_count': 0, 'quote_count': 0}","b""@yaneerbaryam So sad to have the worst fears about the virus confirmed, but reinforces those of us who instinctively know the pandemic isn't over by a long shot."""
2022-03-16 17:35:46+00:00,1271975834031620096,1504149437303730178,"{'retweet_count': 0, 'reply_count': 0, 'like_count': 0, 'quote_count': 0}","b'@TheSkylineTrail @ibrake4ants @bkudeki @LauraMiers @watermelonpunch @emilygraymd_mph @chelseakenna @danaparish @mskathleenquinn @DonnaDeMaria1 @micah_arsham @stephjantzen @VIKINGSFANCHET @CDCgov @myrabatchelder @JuliaRaifman @NY_Tuck @wsbgnl @luckytran @pop_popculture @AndrewMakeTweet @denise_dewald @Theresa_Chapple @TheAngryEpi @DataDrivenMD @MandateMasksNY @jljcolorado @FrankCianfrani @ErinSandersNP @GosiaGasperoPhD @citlanx @EpiEllie @bethlinas @Epi_D_Nique @berthahidalgo @marlaclayman @JoannaInNY_MPH @dr_kkjetelina @LizMarnik @mommyphd2 @ersmith2016 @YEpidemiologist @DearPandemic @scimoms @sri_srikrishna @JeromeAdamsMD @m_scribe @jfeldman_epi @mtosterholm @PPEtoheros The body and the environment are mentioned, but not mentioning the air as an infection risk? We need to control covid as well. #AskProjectFirstline'"
2022-03-16 17:35:46+00:00,729667608807608320,1504149436620025857,"{'retweet_count': 0, 'reply_count': 0, 'like_count': 0, 'quote_count': 0}",b'Pretending to be happy in my job: wrong kind of hard.\nLeaving corporate America: right kind of hard. \n\nPutting on a mask every day: wrong kind of hard.\nExploring a new path: right kind of hard.\n\nWhat is YOUR hard? https://t.co/zSlWkJGk4Q'
2022-03-16 17:35:46+00:00,126797909,1504149436456484869,"{'retweet_count': 0, 'reply_count': 0, 'like_count': 1, 'quote_count': 0}","b""@alec_zamora Because there's covid out there \xf0\x9f\x91\x80"""
2022-03-16 17:35:45+00:00,1444069059159539722,1504149434468286469,"{'retweet_count': 0, 'reply_count': 0, 'like_count': 0, 'quote_count': 0}",b'@YardleyShooting @theJeremyVine Vax injury and death don\xe2\x80\x99t count according to #JeremyVine nor does the yellow card reporting system\xe2\x80\xa6.which is interesting because all these clowns banging on about long covid also self report and apparently that is legit! #medicalfraud #covidisover #convid #noonecares'
