2022-03-16 16:31:17+00:00,23556955,1504133210447482889,"{'retweet_count': 0, 'reply_count': 0, 'like_count': 0, 'quote_count': 0}",b'@kenyatta_pow ..but have you seen the news out of China and Hong Kong. Now is not the time to relent.'
2022-03-16 16:31:15+00:00,442211261,1504133202285412353,"{'retweet_count': 0, 'reply_count': 0, 'like_count': 0, 'quote_count': 0}","b""Russia's bond pmts due- Can they pay?\nhttps://t.co/tle8vmCy26\n\nhttps://t.co/56jKpkJxAK\n\nCongress backs Biden on China's involvement in Ukraine.\nhttps://t.co/tRbuKlencj\n\nRussia blinks in Iran nuke talks.\nhttps://t.co/mK4lsPMfvN\n\nHow invasion has changed EU.\nhttps://t.co/32UP1AiDOa https://t.co/GDkY5gIkeX"""
2022-03-16 16:31:14+00:00,441907410,1504133196694245377,"{'retweet_count': 0, 'reply_count': 0, 'like_count': 0, 'quote_count': 0}","b'@drshamamohd Its a worldwide malady. That\xe2\x80\x99s how Trump got elected in USA, Putin is at war by spreading lies &amp; China suppresses truth to its people. Less said the better about our neighbours Myanmar, Pakistan etc. Unfortunately all of them  represent the will of the people.'"
2022-03-16 16:31:03+00:00,172165649,1504133153245511681,"{'retweet_count': 0, 'reply_count': 0, 'like_count': 0, 'quote_count': 0}","b'@newsmax Biden is probably laundering his .only from China, in Russia'"
2022-03-16 16:31:03+00:00,1498295467637354503,1504133150095855617,"{'retweet_count': 0, 'reply_count': 0, 'like_count': 0, 'quote_count': 0}","b'Some Westerners believe that the CCP prioritize  ""national interests"" when making major decisions. But the CCP\'s ""core concern"" is to ensure the security of the regime, a phrase known in China as ""adhering to the leadership of the CCP"".For this, everything else can be sacrificed. https://t.co/sGLBEsnKfS'"
2022-03-16 16:30:58+00:00,1278487264729825280,1504133132391354371,"{'retweet_count': 0, 'reply_count': 1, 'like_count': 1, 'quote_count': 0}","b'As the White House predicted, China will likely be a country that does not play by the rules and credibility.  Beijing is fully displayed on the attitude of Ukraine and Russia.#EU #NATO #USA #Ukraine #Japan #Taiwan #RussiaUkraineWar https://t.co/ftiPEtUUjQ https://t.co/hIbGs8qiEj'"
2022-03-16 16:30:51+00:00,37584540,1504133102628605958,"{'retweet_count': 0, 'reply_count': 0, 'like_count': 0, 'quote_count': 0}",b'\xf0\x9f\xa4\xa3 you seriously need to educate yourself\xe2\x80\xa6.President Trump weak with China?  You are funny \xf0\x9f\xa4\xa3'
2022-03-16 16:30:48+00:00,39584513,1504133088300847105,"{'retweet_count': 0, 'reply_count': 0, 'like_count': 1, 'quote_count': 0}","b""Biden You're Literally Changing History Of World Finance With Your WEAK Domestic/Foreign Policy! Shame On You Biden: Saudis Consider Accepting Yuan Instead of Dollars For Chinese Oil Sales: Report https://t.co/oTtPl9YTmL https://t.co/hqtdtsEgGs via @Newsmax"""
2022-03-16 16:30:45+00:00,1316017470205960204,1504133076041056262,"{'retweet_count': 0, 'reply_count': 0, 'like_count': 0, 'quote_count': 0}","b'@IAmAshAsh1 Hong Kong was hit recently, perhaps when China was asked by Russia for assistance that was their Q to go in. Underground'"
2022-03-16 16:30:44+00:00,850137218484187136,1504133070827495425,"{'retweet_count': 0, 'reply_count': 0, 'like_count': 0, 'quote_count': 0}","b""@POTUS If you support Biden, you're either brain-damaged, an elitist who can't see past his nose, or you have zero loyalty to America. There are no other options. Biden is China. He works for the CCP."""
2022-03-16 16:30:34+00:00,1481685770310090752,1504133029337309184,"{'retweet_count': 0, 'reply_count': 0, 'like_count': 0, 'quote_count': 0}","b'@SenWarren @POTUS Biden has been busy on defending Ukraine borders rather than American borders. Hunter Biden got paid by Ukraine/Russia/China, he doesn\xe2\x80\x99t worry about student loans.'"
2022-03-16 16:30:33+00:00,759224103287066624,1504133027567349763,"{'retweet_count': 0, 'reply_count': 0, 'like_count': 0, 'quote_count': 0}","b""We won't go to war with Russia over Ukraine. We need to quietly make it clear to China we will go to war over Taiwan. Too much of the US/World economy depends on semiconductors from Taiwan. If China takes/destroys that it means worldwide depression. https://t.co/7TdtnFCe3k"""
2022-03-16 16:30:31+00:00,37396883,1504133018276929536,"{'retweet_count': 0, 'reply_count': 1, 'like_count': 4, 'quote_count': 0}","b""China's zero Covid policy risks sparking another supply chain crisis \n\nHow Xi Jinping's dogmatic pursuit of zero Covid policy in China risks sparking global supply chain crisis by shutting down major manufacturing hubs causing shortages.\n\nhttps://t.co/e3cM521BeC via @MailOnline"""
2022-03-16 16:30:31+00:00,1498707044932726788,1504133017744334858,"{'retweet_count': 0, 'reply_count': 0, 'like_count': 0, 'quote_count': 0}","b'@samzmia @whtreality Geopolitical movement such as Taiwan being taken, further dissolution of the EU, death of the petrodoller and so on. But it is important to note that china can collapse one day but most probably not in our lifetime.'"
2022-03-16 16:30:27+00:00,759224103287066624,1504133000505741320,"{'retweet_count': 0, 'reply_count': 0, 'like_count': 0, 'quote_count': 0}","b""We won't go to war with Russia over Ukraine. We need to quietly make it clear to China we will go to war over Taiwan. Too much of the US/World economy depends on semiconductors from Taiwan. If China takes/destroys that it means worldwide depression. https://t.co/7TdtnFkDbM"""
2022-03-16 16:30:21+00:00,2365686348,1504132974031384581,"{'retweet_count': 0, 'reply_count': 0, 'like_count': 0, 'quote_count': 0}","b""@mrsorokaa You do know when the superpowers have achieved their goals ie Big budget spending on armaments' just like Afghanistan they will all run for the hills leaving your country is a right mess!\nNext IMO Taiwan / China Anyway just my thoughts."""
2022-03-16 16:30:16+00:00,1377739338608476163,1504132955282849804,"{'retweet_count': 0, 'reply_count': 0, 'like_count': 0, 'quote_count': 0}",b'@ConcernedinNYC2 TikTok is run by China. Of course Biden and friends are using it. \xf0\x9f\x98\x92'
2022-03-16 16:30:13+00:00,2647810952,1504132942607654917,"{'retweet_count': 0, 'reply_count': 0, 'like_count': 1, 'quote_count': 0}",b'@Reuters Fom blaming Trump to blaming Putin and now blaming China.. Who is next for the US to blame? Take a guess .'
2022-03-16 16:30:08+00:00,1496281343617024000,1504132921497694210,"{'retweet_count': 0, 'reply_count': 1, 'like_count': 0, 'quote_count': 0}","b'.@josh_hammer on Biden\'s EO to study a digital dollar: ""The China comparison is apt. It\'s not a coincidence the CCP is the one laying the foundation for the digital currency path."" https://t.co/qVhzzDE4gj'"
2022-03-16 16:30:02+00:00,410915662,1504132897300701186,"{'retweet_count': 0, 'reply_count': 0, 'like_count': 0, 'quote_count': 0}","b'@washingtonpost There is no defensive justification for NATO expansion, since USSR dissolved\n\nThe Communist Chinese Party is the totalitarian regime\n\nWe should be aligning w/ Russia against China, not pushing them together\n\nBiden family has taken a $B bribe from CCP, an unacceptable conflict'"
2022-03-16 16:30:02+00:00,1504127146993676293,1504132894574317573,"{'retweet_count': 0, 'reply_count': 0, 'like_count': 0, 'quote_count': 0}","b'@ABC Hunter Biden gets energy info, sells to china for 3 karat diamond, Joe Biden fires Ukraine investigator, gives Ukraine to Russia for climate change, raise gas must build electric cars'"
2022-03-16 16:30:00+00:00,273322673,1504132889583263757,"{'retweet_count': 0, 'reply_count': 0, 'like_count': 0, 'quote_count': 0}","b""The new Special Issue of the Security and Human Rights Journal is out! This Special Issue focuses on Central Asia and the shifting sands of geopolitical influence in the region as China's presence grows and Russia and Europe seek to maintain their foothold\nhttps://t.co/sFBbivEYx8"""
2022-03-16 16:29:38+00:00,1250363017595928577,1504132794590674949,"{'retweet_count': 0, 'reply_count': 0, 'like_count': 0, 'quote_count': 0}",b'@Intent_B Not even finished in Ukraine yet and they want to stir shit up with China next.\n\nThey will poke China from Taiwan to force China to do something....the same way they did in Ukraine.'
2022-03-16 16:29:36+00:00,1309267253293125633,1504132786541797392,"{'retweet_count': 0, 'reply_count': 0, 'like_count': 0, 'quote_count': 0}","b'@AlyssaSeufert @newsmax https://t.co/i4EZ8mLLil\nWilbur Ross Held Chinese Board Position Until 2019\nhttps://t.co/n7JOf9ubWu\nWho is the Chinese mogul who owns the boat Steve Bannon was busted ...\nhttps://t.co/EtYWF0HVHz\nChina Grants Trump Family 18 New Trademarks, Including Voting Machines https://t.co/Je5Jz6IBEs'"
2022-03-16 16:29:34+00:00,1365044161,1504132780585857028,"{'retweet_count': 0, 'reply_count': 0, 'like_count': 0, 'quote_count': 0}","b'Jinping is telling Putin to do a deal and pull back so when China invades Taiwan and the west comes to defend, he will let Putin push the red button.  #UkraineConflict #Ukraine #China #Russia #UkraineRussianWar #UkraineWar'"
2022-03-16 16:29:30+00:00,1267861499500015616,1504132761946308619,"{'retweet_count': 0, 'reply_count': 0, 'like_count': 0, 'quote_count': 0}","b'Russia hasn\xe2\x80\x99t been able to afford to spend the last several decades mass-bribing the US and the rest of the world.\n\nYou know, the way China has.\n\nhttps://t.co/S5vzY4zc1o\n\n#Trump2024 #TrumpWasRight #trump #DonaldJTrump #DonaldTrump #TrumpWon'"
2022-03-16 16:29:30+00:00,1442833581001297923,1504132760138616837,"{'retweet_count': 0, 'reply_count': 0, 'like_count': 0, 'quote_count': 0}","b""@mags2277 @Russiabottt1011 @KalinCorvidae @tinywienerbabe @packerstalkUSA @libsoftiktok Bye bye military support to every single country relying on US' support to keep away China and Russia.\n\nYou've seen Ukraine. How about Estonia, Finland, Lithuania, Poland and the rest of Europe?\n\nHow about Taiwan and Japan too?"""
2022-03-16 16:29:12+00:00,1968089798,1504132688080355329,"{'retweet_count': 0, 'reply_count': 0, 'like_count': 0, 'quote_count': 0}",b'@HuXijin_GT \xe2\x98\x9d\xef\xb8\x8fWANTS U.S. TO ATTACK SO CHINA CAN SEE OUR WEAPONS \xe2\x98\x9d\xef\xb8\x8f\n\n\xe2\x98\x9d\xef\xb8\x8fWANTS U.S. DISTRACTED IN A WAR WITH RUSSIA SO CHINA CAN INVADE TAIWAN\xe2\x98\x9d\xef\xb8\x8f'
2022-03-16 16:28:59+00:00,933171699977203714,1504132630333304841,"{'retweet_count': 0, 'reply_count': 0, 'like_count': 0, 'quote_count': 0}",b'The Tom Clancy plot line thickens...\n\nhttps://t.co/FDnVxCj66q'
2022-03-16 16:28:53+00:00,764611395254038528,1504132607285633027,"{'retweet_count': 0, 'reply_count': 0, 'like_count': 0, 'quote_count': 0}",b'@Iraqveteran8888 West Point 100 years from now will be an abandoned building. Our nation will be collapsed in the next 2-3 years. We will be a third world country and China will be the major world power. Thanks Joe Biden.'
2022-03-16 16:28:53+00:00,2262885770,1504132605838606340,"{'retweet_count': 0, 'reply_count': 0, 'like_count': 0, 'quote_count': 0}","b""@MailOnline You don't expect President Xi to intervene when his country faces similar threat in Taiwan and South China Sea from America."""
2022-03-16 16:28:50+00:00,1498536497158365190,1504132592374743042,"{'retweet_count': 0, 'reply_count': 0, 'like_count': 0, 'quote_count': 0}",b'@price_t_k @LeesRowland @Li_Yang_China What? Hong Kong has always been part of China.'
2022-03-16 16:28:48+00:00,1188561739681619970,1504132584925810689,"{'retweet_count': 0, 'reply_count': 0, 'like_count': 0, 'quote_count': 0}","b'@easy_b94 @BNODesk China,  Hong Kong, South Korea, etc are the proof that masks do nothing'"
2022-03-16 16:28:47+00:00,835221033930133504,1504132583231307785,"{'retweet_count': 0, 'reply_count': 0, 'like_count': 0, 'quote_count': 0}","b""@ChadPergram The only reason to get Ukraine military things is because Biden is beholding to Russia and China plus his crimes in Ukraine with Biolabs and corruption with his and many in Congress families. It's all about the money they get."""
2022-03-16 16:28:37+00:00,2936015319,1504132541263101954,"{'retweet_count': 0, 'reply_count': 1, 'like_count': 0, 'quote_count': 0}","b'@DamnedMarkets @dampedspring @TheBondFreak @ttmygh Same things we buy from China...and also maybe nuclear power plants (below).\n\nAlthough using your framework, the sanctions on Huawei 5G start to look a bit more auspicious :)\n\nhttps://t.co/wfyNvffSg0'"
2022-03-16 16:28:34+00:00,1418223258302779396,1504132527715409922,"{'retweet_count': 0, 'reply_count': 0, 'like_count': 0, 'quote_count': 0}","b'Amid COVID rise in China and Europe, Biden cuts COVID funding and adds 800million for Ukraine Assistance! \xf0\x9f\xa5\xb4'"
2022-03-16 16:28:33+00:00,381721893,1504132523613249538,"{'retweet_count': 0, 'reply_count': 0, 'like_count': 0, 'quote_count': 0}","b'Unfortunately, #China was looking for any justification to invade #Taiwan and it has found one: #RussiaInvadedUkraine. #Ukraine #Russia https://t.co/9DpCAaVNIj'"
2022-03-16 16:28:29+00:00,240916823,1504132504554512388,"{'retweet_count': 1, 'reply_count': 0, 'like_count': 1, 'quote_count': 0}",b'Try doing this math\xe2\x80\xa6 https://t.co/U5Jjh8a74n'
2022-03-16 16:28:28+00:00,467424444,1504132503602601988,"{'retweet_count': 0, 'reply_count': 1, 'like_count': 0, 'quote_count': 0}",b'@James81565138 @aaronthomm @KyivIndependent China is less like to make a move on Taiwan now than he was a month ago after seeing Russia difficulty and the world\xe2\x80\x99s reaction.'
2022-03-16 16:28:27+00:00,20718622,1504132498602799104,"{'retweet_count': 0, 'reply_count': 0, 'like_count': 1, 'quote_count': 0}",b'Author @joshrogin shares new material about U.S.-China relations during the Trump era from the paperback edition of CHAOS UNDER HEAVEN in a terrific @washingtonpost piece: https://t.co/cGYCmdsuNO'
2022-03-16 16:28:21+00:00,565775521,1504132472585474055,"{'retweet_count': 0, 'reply_count': 0, 'like_count': 0, 'quote_count': 0}","b'@MrBlue1776 China still has to do the Taiwan thing, and we might need an economic crash to wake a few more up, but yeah, that is probably the end of the movie.'"
2022-03-16 16:28:09+00:00,1503757100933074956,1504132423231021058,"{'retweet_count': 0, 'reply_count': 0, 'like_count': 0, 'quote_count': 0}","b""@EnesFreedom you don't know nothing about China and Taiwan,stupid ass."""
2022-03-16 16:28:03+00:00,35520430,1504132394915401729,"{'retweet_count': 0, 'reply_count': 0, 'like_count': 0, 'quote_count': 0}",b'WWIII:  Biden Sending THOUSANDS Of Marines To Australia In Anticipation Of Conflict With China - https://t.co/1WwEyZSGXu'
2022-03-16 16:28:02+00:00,371027360,1504132391266312198,"{'retweet_count': 0, 'reply_count': 0, 'like_count': 0, 'quote_count': 0}",b'@Timcast Just wait till China invades Taiwan'
2022-03-16 16:27:57+00:00,271752300,1504132370974322696,"{'retweet_count': 0, 'reply_count': 0, 'like_count': 0, 'quote_count': 0}","b""@piersmorgan Agreed one has to wonder if no country  can assist what's the point of belonging to the UN and what happend if Taiwan/south Korea is next will countries not intervene because China/N Korea has a nuclear weapon"""
2022-03-16 16:27:54+00:00,1438522071403827201,1504132360568283138,"{'retweet_count': 0, 'reply_count': 0, 'like_count': 0, 'quote_count': 0}","b""How Xi Jinping's dogmatic pursuit of zero Covid policy in China risks sparking ANOTHER global supply chain crisis by shutting down major manufacturing hubs causing shortages of iPhones, cars and other gadgets https://t.co/YMZwgQcvYE https://t.co/vV8fb9gjHw"""
2022-03-16 16:27:38+00:00,792412300804108288,1504132291987189767,"{'retweet_count': 1, 'reply_count': 0, 'like_count': 0, 'quote_count': 0}","b'TIwan is a LEGAL GOVERNMENT DURING &amp; AFTER WW 2. Move to Taiwan after the CIVIWAR of China, BUT IT STILL FOUNTAINS! It was Carter-DEM MOVED US EMBASSY TO RED CHINA, IS BIDEN-DEM GOING TO GIVE TAIWAN TO CCP THIS TIME? @DonaldJTrumpJr @DanScavino @TuckerCarlson @StephenM https://t.co/PamckCK5iW'"
2022-03-16 16:27:08+00:00,1486003198947360768,1504132165277138951,"{'retweet_count': 0, 'reply_count': 0, 'like_count': 0, 'quote_count': 0}","b'@suidaila @pojuneee @Kolas_Yotaka Have a joke, human traffic in the China\xe2\x80\x99s prison time is below three years to zero, wtf, Taiwan start from 7 years to life prison time.  Wow, why your law still not willing to change for human traffic\xe2\x80\x99s punishment.'"
2022-03-16 16:27:05+00:00,1427747845080190976,1504132155324071941,"{'retweet_count': 0, 'reply_count': 0, 'like_count': 0, 'quote_count': 0}","b'@gbcyvr @bevreidvan2 @perfectrose2011 @BCschoolCovid Same in summer, high hong kong chinese pop, listening i nees from home. When hing king or mainland china says its over, masks may slowly go back to being for our usual cold and flu season'"
2022-03-16 16:26:59+00:00,1476043356363005953,1504132127448834060,"{'retweet_count': 0, 'reply_count': 0, 'like_count': 0, 'quote_count': 0}",b'Was this not expected?\nhttps://t.co/zXqQmwWq1H'
2022-03-16 16:26:57+00:00,52166639,1504132119806808075,"{'retweet_count': 0, 'reply_count': 0, 'like_count': 0, 'quote_count': 0}","b'@hobohermit @breakfasttv The countries setting records in cases are those with deepest immunity debt due to extensive restrictions and masking: South Korea, Hong Kong, China, Singapore. Fact.\n\nThe countries with LOWEST death rate are the Scandinavian ones, with no mask mandates on kids and schools. Fact https://t.co/6O0v5DBJ5S'"
2022-03-16 16:26:49+00:00,61511656,1504132086994776064,"{'retweet_count': 0, 'reply_count': 0, 'like_count': 0, 'quote_count': 0}",b'Biden Family Business Tied to $Trillions in Lithium Acquired by China through U.S. Afghanistan Withdrawal - American Faith https://t.co/PJulwlrVGe'
2022-03-16 16:26:44+00:00,1369769832183443460,1504132064609812485,"{'retweet_count': 0, 'reply_count': 0, 'like_count': 1, 'quote_count': 0}","b""@Drbankruptcy Yes, and this should make China think twice about Taiwan. They have the largest overseas reserves of all. Don't forget that China is watching what we do. Biden doesn't, not for a second."""
2022-03-16 16:26:41+00:00,1452426130774847490,1504132051515019264,"{'retweet_count': 0, 'reply_count': 0, 'like_count': 0, 'quote_count': 0}","b'@ian_williams23 @British_Airways The pandemic is now over (certainly in the UK \xf0\x9f\x87\xac\xf0\x9f\x87\xa7 \n\n^ Look what is happening in China &amp; Hong Kong, the virus is out of control and unfortunately this is a global problem &amp; the UK is not immune from new variants etc etc. The pandemic is not over, despite local mandates dropping.'"
2022-03-16 16:26:39+00:00,1499237968569155585,1504132043730526215,"{'retweet_count': 0, 'reply_count': 0, 'like_count': 0, 'quote_count': 0}","b""@fredfinch_ @rocket30670717 @MFA_China Not to mention your human rights and race issues\xef\xbc\x8cTrump, White House, Capitol Hill, e-cigarettes, BLM, robberies, police, truck drivers, general strikes, anti-war marches, Congressional counseling\xef\xbc\x8cI told you I'm in New York, and you probably still don't believe it."""
2022-03-16 16:26:32+00:00,18643437,1504132013934223360,"{'retweet_count': 27, 'reply_count': 8, 'like_count': 57, 'quote_count': 2}","b'The Pentagon is to deploy over two thousand troops to Australia by September to join an established rotational force of 200 in anticipation of a conflict with China, according to reports.\n\nhttps://t.co/5DcZVXbfsD'"
2022-03-16 16:26:23+00:00,15653231,1504131978194526212,"{'retweet_count': 0, 'reply_count': 0, 'like_count': 0, 'quote_count': 0}","b'Listed stocks in China and Hong Kong rose on Wednesday and the Hang Seng #HSI index rose 9% after the Chinese government pledged to support the beleaguered markets, and the government will also take a number of market-friendly steps. https://t.co/TGndP30pLK'"
2022-03-16 16:26:21+00:00,2340633295,1504131969076142086,"{'retweet_count': 0, 'reply_count': 0, 'like_count': 0, 'quote_count': 0}","b""@MattWalshBlog So according to your worldview Taiwan is toast cause they would cause us to use our military to fight against China and begin WWIII. So I hope Taiwan keeps it's affairs in order cause they will be on their own."""
2022-03-16 16:26:19+00:00,1495449980806774787,1504131959043371026,"{'retweet_count': 0, 'reply_count': 0, 'like_count': 1, 'quote_count': 0}","b'ICJ rules that Russia shall immediately suspend its military operations in Ukraine.....\nBoth China and Russia have never respected international laws, be it South China Sea or Hong Kong or Crimea....\n#icjruling\n#Ukraine #UkraineRussianWar #UkraineUnderAttack'"
2022-03-16 16:26:13+00:00,1214958738853023746,1504131934154285060,"{'retweet_count': 0, 'reply_count': 0, 'like_count': 0, 'quote_count': 0}","b""@lisa_iannattone Part of me looks at Xi supporting Putin while also loathing how independent Hong Kong is from Mother China and the conspiracies start a-knockin'."""
2022-03-16 16:25:51+00:00,365554481,1504131843095994369,"{'retweet_count': 0, 'reply_count': 0, 'like_count': 0, 'quote_count': 0}",b'@cpimspeak @khanumarfa Atheists speaking...\xf0\x9f\x99\x83\xf0\x9f\x99\x83 Any sermons to China in Xinjiang ?'
2022-03-16 16:25:48+00:00,970410165177470976,1504131830303313920,"{'retweet_count': 0, 'reply_count': 0, 'like_count': 1, 'quote_count': 0}","b'Biden\xe2\x80\x99s foreign policy re Iran is pushing Saudis into the hands of China, and China is negotiating to replace currency, renminbi, Juan instead of the US dollar. This would spell disaster for US!'"
2022-03-16 16:25:42+00:00,1312984598519791617,1504131805041262592,"{'retweet_count': 0, 'reply_count': 0, 'like_count': 1, 'quote_count': 0}",b'we are professional graphics designer.https://t.co/7l8p5kvesJ #cryptocurrencie #COVID19 #Ethereum #Microsoft #Megan #100DaysOfCode #America #Martial #VIVOIPL #Germany #NFTs #Italy #Bitcoin #crypto #Google #Bangladesh #IPL2021 #Apple #Ethereum #Biden #Queen #China #Israel #Myanmar https://t.co/FzIDnbLJV5'
2022-03-16 16:25:37+00:00,1359524702763573248,1504131786309308424,"{'retweet_count': 0, 'reply_count': 0, 'like_count': 0, 'quote_count': 0}","b'@SenateGOP @SenTedCruz Not just Russia, but CCP China is building by wall Street now.'"
2022-03-16 16:25:24+00:00,16361563,1504131728863944710,"{'retweet_count': 0, 'reply_count': 1, 'like_count': 0, 'quote_count': 0}","b'\xf0\x9f\x9a\xa8WATCH:China is under lockdown again. As part of that, they are killing pets in the thousands. There is no evidence of any transmission risk from a dog, but the CCP doesn\xe2\x80\x99t care. All of this was never about preventing COVID anyways. https://t.co/dGUCYvGK3g'"
2022-03-16 16:25:22+00:00,2636277903,1504131720299352066,"{'retweet_count': 0, 'reply_count': 0, 'like_count': 0, 'quote_count': 0}","b'@OutnumberedFNC @Johnny_Joey @LeslieMarshall @HARRISFAULKNER @EmilyCompagno @kayleighmcenany It\xe2\x80\x99s not about saving earth\xe2\x80\x99s environment as the left would have all to believe; it is about killing capitalism via the black gold\xe2\x80\x94oil\xe2\x80\x94in the USA exclusively. Biden is duped because he thinks he has a hunk in that pie, but Russia and China even eat their own. Biden is their joke.'"
2022-03-16 16:25:18+00:00,35765069,1504131702922305543,"{'retweet_count': 0, 'reply_count': 0, 'like_count': 0, 'quote_count': 0}","b'@heafly1 @JaniceDean Trump didn\xe2\x80\x99t ban travel from China but restricted travel. This didn\xe2\x80\x99t stop anything as travel from Hong Kong &amp; Europe was still happening. Pelosi went to Chinatown due to the violence happening to Asians. My friend, a tiny Asian woman, had to start carrying a gun it was so bad.'"
2022-03-16 16:25:16+00:00,1439144665652113410,1504131694923849738,"{'retweet_count': 0, 'reply_count': 1, 'like_count': 0, 'quote_count': 0}",b'@Susanperchede @yallaresheep @eddiegray @RealCandaceO Okay then. So while I\xe2\x80\x99m at that you should research Biden and his son\xe2\x80\x99s deal in Ukraine and China fill yourself in since we are talking government corruption.'
2022-03-16 16:25:08+00:00,41314187,1504131661134700545,"{'retweet_count': 0, 'reply_count': 0, 'like_count': 0, 'quote_count': 0}",b'@OrphWettenhall @LibelLawOpener @YanaSuporovska But I think he killed more people with his handling of the coronavirus. I even think the American doctors Trump pulled out of China earlier might have been able to stop it before it ever got started.'
2022-03-16 16:24:56+00:00,1412740227802841088,1504131612732182529,"{'retweet_count': 0, 'reply_count': 0, 'like_count': 0, 'quote_count': 0}","b""Actually, I often contemplate on how different the UK would be if China was running it. The badgers wouldn't be dead. We'd be safe from Covid. The bird flu wouldn't be killing flocks of geese, the sewage wouldn't be polluting our rivers. I'd be able to have a #Huawei phone \xf0\x9f\x98\x81 yay"""
2022-03-16 16:24:54+00:00,1333011463942844418,1504131603068506123,"{'retweet_count': 0, 'reply_count': 2, 'like_count': 0, 'quote_count': 1}",b'@GuyAdami Good job @GuyAdami \n\n1-Putin attacking for 2nd time under Biden.\n\n2-China will invade Taiwan.\n\n3-Iran fired missile at USA consulate in Iraq'
2022-03-16 16:24:51+00:00,52166639,1504131590628286464,"{'retweet_count': 0, 'reply_count': 0, 'like_count': 0, 'quote_count': 0}","b'@CdnPortia @breakfasttv Really... The countries setting records in cases are those with deepest immunity debt due to extensive restrictions &amp; masking: South Korea, Hong Kong, China, Singapore.\n\nThe countries with LOWEST death rate are the Scandinavian ones, with no mask mandates on kids and schools. https://t.co/VfgfQ08v7W'"
2022-03-16 16:24:43+00:00,3307703349,1504131557056991233,"{'retweet_count': 0, 'reply_count': 0, 'like_count': 0, 'quote_count': 0}","b'@OutnumberedFNC @HARRISFAULKNER @EmilyCompagno @kayleighmcenany New World Order you say of Russia, China, Saudi Arabia and India? Well look who is in the the middle of that #cabal your Supreme Leader Donald J Trump! \xf0\x9f\x98\xae https://t.co/LYcvy3mjgp'"
2022-03-16 16:24:40+00:00,1279361367690993664,1504131543341674504,"{'retweet_count': 1, 'reply_count': 0, 'like_count': 1, 'quote_count': 0}",b'This is what #china #ccp has bred. \n\n1. Why did she even go to the US at the first place?  Or why was she even allowed to?\n\n2. Was she a deliberately abetted murderer? https://t.co/AVWeHAaFtz'
2022-03-16 16:24:35+00:00,322436212,1504131522395209729,"{'retweet_count': 0, 'reply_count': 0, 'like_count': 0, 'quote_count': 0}",b'3-16-22 \n\nWARNING :THE US-CHINA TRADE CRISIS RESULTS ARE MANDATED HOLDING FULL ACCOUNTABILITY.\n\nSINCE DAY ONE MISLEADING GDP-TAX-DEFICIT BY BOTH CRISIS CREATED BY FORMER P.DONALD TRUMP &amp;XI JINPING ARE FULL JUDTICE RECORDS IN ACTING ACCOUNTS FOR TODAY WITNESS.\n@POTUS @china @hktdc'
2022-03-16 16:24:22+00:00,23922797,1504131472000757760,"{'retweet_count': 2, 'reply_count': 2, 'like_count': 4, 'quote_count': 0}","b'Younger Chinese more likely to hold unfavourable view of US, says study which concludes Donald Trump is much more to blame than propaganda https://t.co/LqEmlI5B4I'"
2022-03-16 16:24:13+00:00,14881151,1504131433220214789,"{'retweet_count': 0, 'reply_count': 0, 'like_count': 0, 'quote_count': 0}","b'@CivMilAir @Paul_Ward_Irl @Guinness_kel If they land in Turkey, they possibly could be repossessed. Depends on what choices the Turkish courts and government make. That\xe2\x80\x99s why I said \xe2\x80\x9clikely to be repossessed\xe2\x80\x9d. Most large commercial aircraft heavy maintenance is done in China, or Hong Kong.'"
2022-03-16 16:24:04+00:00,744593854419046400,1504131394024448006,"{'retweet_count': 0, 'reply_count': 1, 'like_count': 3, 'quote_count': 0}",b'- improved relationship between the UK and the EU &amp; resolution of the NI issue\n- deterrent to China RE: Taiwan\n- continued pressure on the UK to clean up its acts on money laundering\n-weakening of the right-wing parties in the US &amp; Europe &amp; resurgence of the democratic ideal 2/'
2022-03-16 16:24:03+00:00,1335411795079516160,1504131389519589378,"{'retweet_count': 0, 'reply_count': 0, 'like_count': 0, 'quote_count': 0}","b'@BharatiyaNagr1k @trish_regan Believe me, China is not a threat to India, China is not expansionist and simply wants to take back Taiwan, instead the US wants a conflict between India and China from which they benefit.'"
2022-03-16 16:24:00+00:00,1435992085191086090,1504131379528974336,"{'retweet_count': 0, 'reply_count': 0, 'like_count': 0, 'quote_count': 0}","b'@piraterobertz @skyandwolf1 @TaoFaith @HuXijin_GT Liberals do not often agree w/ conservatives on Russia &amp; China. They have been ignoring the Muslim genocide in China until 5 mins ago. They had no problem w/ Russia until they thought troll farms were supporting Trump, now they are enemy number 1 for them. Russia is a paper tiger'"
2022-03-16 16:23:53+00:00,1498087142177783816,1504131349308968967,"{'retweet_count': 0, 'reply_count': 0, 'like_count': 0, 'quote_count': 0}","b'@kilmeade @ajtata Biden world leader: Saudi\xe2\x80\x99s wouldn\xe2\x80\x99t take his call &amp; consider letting China pay for oil in yuan! New World Order, mayb woke\xe2\x80\x99s goal all along- Joe\xe2\x80\x99s legacy now. Kim Iversen: China, Russia Declare A NEW WORLD ORDER In Released Joint S... https://t.co/ymalb8u6Zz via @YouTube'"
2022-03-16 16:23:46+00:00,45250961,1504131319957053443,"{'retweet_count': 0, 'reply_count': 0, 'like_count': 0, 'quote_count': 0}","b'Do not repeat #Ukraine\xe2\x80\x99s Complacency.  Get ppl prepared for #China\xe2\x80\x99s invasion. It\xe2\x80\x99s easy to attack, hard to defend an island. Revisit \xe2\x80\x9cDunkirk\xe2\x80\x9d \n@SolomonYue @frankgaffney @GordonGChang #CCP #Taiwan #TaiwanIsACountry #EndCCPBe4ItEndsUs #XiJinping https://t.co/rnUgcUdPhv'"
2022-03-16 16:23:45+00:00,1504130824404627456,1504131314802642952,"{'retweet_count': 0, 'reply_count': 0, 'like_count': 0, 'quote_count': 0}","b'@MakingRando @KyivIndependent ""Singapore, who\'s almost always align(ed) itself to the ccp...""\nNeutrality =/= siding with China.\nReminder: US-Cn Trade War.'"
2022-03-16 16:23:35+00:00,1487139003182682114,1504131271110586369,"{'retweet_count': 0, 'reply_count': 0, 'like_count': 0, 'quote_count': 0}",b'@SagaJagdale @palkisu @DesiHindustani2 china is not in our territory....if ur talking about aksai chin then it was taken by  chinese in 1962 war itself.......and by simple economics we are dependent on china on manufacturing and raw materials.....$100B trade we something 25 -35% share and rest china....LOL'
2022-03-16 16:23:31+00:00,70429115,1504131255268528130,"{'retweet_count': 0, 'reply_count': 0, 'like_count': 2, 'quote_count': 0}","b'when China goes into Taiwan and takes over the bio ""research"" labs there will the media spin it as well?'"
2022-03-16 16:23:31+00:00,1494700981237526544,1504131254698053634,"{'retweet_count': 0, 'reply_count': 0, 'like_count': 0, 'quote_count': 0}","b""Joe Biden's administration should listen to their MPs and make policy change in their horn of African policy.  Adhering to sterile one Somalia policy isn't reality for the last 30 years and continuing it will surely give chances to Russia and China. https://t.co/kgtKz8z7XI"""
2022-03-16 16:23:29+00:00,108951721,1504131246162685957,"{'retweet_count': 0, 'reply_count': 0, 'like_count': 0, 'quote_count': 0}",b'DAY 2342: 3-16-22: IT\xe2\x80\x99S THE LAST DAY OF THE IDES OF MARCH: TAIWAN \xf0\x9f\x87\xb9\xf0\x9f\x87\xbc AND CHINA \xf0\x9f\x87\xa8\xf0\x9f\x87\xb3 UKRAINE \xf0\x9f\x87\xba\xf0\x9f\x87\xa6 AND RUSSIA \xf0\x9f\x87\xb7\xf0\x9f\x87\xba \xe2\x80\x94 PART VI https://t.co/p5LVzRzn1w'
2022-03-16 16:23:27+00:00,217293894,1504131237727793159,"{'retweet_count': 0, 'reply_count': 0, 'like_count': 0, 'quote_count': 0}",b'@ByronYork @DavidMDrucker Trump also said we should put China\xe2\x80\x99s flag on our planes and bomb Moscow and then blame China \xf0\x9f\xa4\xa6\xf0\x9f\x8f\xbc\xe2\x80\x8d\xe2\x99\x82\xef\xb8\x8f'
2022-03-16 16:23:13+00:00,1414650806876315669,1504131178709733379,"{'retweet_count': 0, 'reply_count': 0, 'like_count': 0, 'quote_count': 0}","b'@chris_saboburns @PaulGeeno @McFaul I mean, thank God Trump was POTUS. I\'m not a Trump fan, but he was at least a feral enough of an animal to intuitively understand that boneheads like McFaul were fine with giving China ""favored-nation status"" over 3 administrations. Greatest case of diplomatic malpractice ever'"
2022-03-16 16:23:08+00:00,16016625,1504131160057647106,"{'retweet_count': 0, 'reply_count': 0, 'like_count': 0, 'quote_count': 0}","b""@ericjem7 @POTUS We were energy Independent under TRUMP.\nClean energy technology makes us more dependent on CHINA.... but that's ok, Biden, the big guy, gets his 10% cut from China..."""
2022-03-16 16:23:04+00:00,1446141659784306694,1504131144735936514,"{'retweet_count': 0, 'reply_count': 0, 'like_count': 0, 'quote_count': 0}",b'@JackPosobiec China doesn\xe2\x80\x99t know Biden is a fake president and Biden is not real one. \xf0\x9f\x98\x82'
2022-03-16 16:23:03+00:00,1049585267772968960,1504131139497254915,"{'retweet_count': 0, 'reply_count': 0, 'like_count': 0, 'quote_count': 0}","b'IoT Network Module 2022-2028 : Global Market is to see Huge Growth by 2028 \xe2\x80\x93 Sierra Wireless, Gemalto, Huawei, LG, Telit, Quectel, Ruijie, China Mobile, u-blox, USR IOT \xe2\x80\x93 The Sabre - The Sabre #DigitalTransformation #IoT  CC:@MarcGuberti https://t.co/E86znzqeZ0'"
2022-03-16 16:22:38+00:00,1293341930491973638,1504131034794758145,"{'retweet_count': 0, 'reply_count': 0, 'like_count': 0, 'quote_count': 0}","b'If Taiwan wants to be the same cold blood killing, I strongly recommend China to use taliban.'"
2022-03-16 16:22:28+00:00,263726823,1504130991836872711,"{'retweet_count': 0, 'reply_count': 0, 'like_count': 0, 'quote_count': 0}","b""@RedDogT3 I will add as this new divide is in play you will see CHINA, IRAN, INDIA start to trade is there money's &amp; we will see the death of the Petro $ This forced action is going to be game changing to are Nation! You can Time stamp this post! Biden caused all of this! IWM D top Bang!"""
2022-03-16 16:22:13+00:00,218795835,1504130928129593354,"{'retweet_count': 0, 'reply_count': 0, 'like_count': 0, 'quote_count': 0}","b'Ukraine Pits US vs China. Up Next, Taiwan. https://t.co/ZPYa203TRW'"
2022-03-16 16:22:12+00:00,1365044161,1504130925046779907,"{'retweet_count': 0, 'reply_count': 0, 'like_count': 0, 'quote_count': 0}",b'@rj3455 @dwnews The West. Not solely the US. What agenda? I do wonder how much more emboldened China feels about their plans for Taiwan....'
2022-03-16 16:21:59+00:00,1317658906580103168,1504130870625644549,"{'retweet_count': 0, 'reply_count': 0, 'like_count': 1, 'quote_count': 0}","b'@nypost The pay gap is going to soon be American v China, Russia, India, and Iran should the US dollar be removed as petrol dollar or world currency. Worry about that Biden!!!!! For crying out loud children &amp; dementia Joe are destroying us &amp; US!'"
2022-03-16 16:21:58+00:00,527454796,1504130865592516609,"{'retweet_count': 0, 'reply_count': 0, 'like_count': 0, 'quote_count': 0}","b'@JackPosobiec If you didn\'t start your countdown to ""China taking Taiwan"" clock, do it now.'"
2022-03-16 16:21:50+00:00,1503937417052577799,1504130833174568965,"{'retweet_count': 0, 'reply_count': 0, 'like_count': 0, 'quote_count': 0}","b""@mirehmet Holly shit! Are you really a Chinese? I've been to Xinjiang.I asked them for advice at the airport. The police were very kind, and the people there were not as bad as you said during my one-year study in China! If you are really Chinese, your family and country will be ashamed"""
2022-03-16 16:21:42+00:00,1300048890272518147,1504130798139584512,"{'retweet_count': 0, 'reply_count': 0, 'like_count': 0, 'quote_count': 0}","b""China Locks Down 51 Million People Amid 'Major' Covid Outbreak https://t.co/3qBcwQAGkE via @gatewaypundit China's lockdown does not include sending their populace to other countries including the U.S. The lest time this occurred Trump closed our border to China."""
2022-03-16 16:21:33+00:00,2224440529,1504130759333875712,"{'retweet_count': 0, 'reply_count': 0, 'like_count': 2, 'quote_count': 0}",b'@DrTonyLeachon @DOHgovph @iamguidodavid Hong Kong and China are experiencing a surge in cases.'
2022-03-16 16:21:32+00:00,1095839376,1504130756758712327,"{'retweet_count': 0, 'reply_count': 0, 'like_count': 0, 'quote_count': 0}","b'Whether you believe any of it is different than understanding CCP desire to publish it\xe2\x80\xa6China seeks cake that it can eat too, not least watching an \xe2\x80\x9cally\xe2\x80\x9d eviscerate itself from effective competition with China, before China contributes to solution in manner that helps reputation https://t.co/N72WfQHKgC'"
2022-03-16 16:21:26+00:00,625121011,1504130730099576832,"{'retweet_count': 0, 'reply_count': 0, 'like_count': 0, 'quote_count': 0}",b'@luckytran When will Hong Kong start masking up?  Seems like they should.  Maybe China too!  This tweet is pure BS.'
2022-03-16 16:21:22+00:00,1159084267151822849,1504130715851448322,"{'retweet_count': 0, 'reply_count': 0, 'like_count': 0, 'quote_count': 0}","b'Putin doesn\xe2\x80\x99t represent the people of Russia.\nXi Jinping doesn\xe2\x80\x99t represent the people of China.\nBiden (Soros puppet/illegitimate President/election cheater) doesn\xe2\x80\x99t represent the people of the U.S. The people of all nations want to live in freedom, peace, &amp; raise their families.'"
2022-03-16 16:21:10+00:00,957821456821473286,1504130663796125703,"{'retweet_count': 0, 'reply_count': 0, 'like_count': 2, 'quote_count': 0}","b'Any ""man"" who\'d leave his OWN PEOPLE behind (there were thousands of Americans abandoned by Biden) to fend for themselves against the Taliban\xf0\x9f\x91\xb3\xe2\x80\x8d\xe2\x99\x82\xef\xb8\x8f savages would sell out the US to his solar &amp; wind and Leftist/green donors\xe2\x80\x94he ignores record COAL use in China.\n\nhttps://t.co/KJo8eXfnpZ'"
2022-03-16 16:20:46+00:00,512384180,1504130562314973184,"{'retweet_count': 0, 'reply_count': 1, 'like_count': 1, 'quote_count': 0}","b""WATCH - Hunter Biden invest the Bank of China's money in Chinese oil, coal, and gas companies while his father skyrockets the price of energy in the United States telling Americans that we need to fight climate change.\n\nJoe Biden blames Vladimir Putin for gas prices, but https://t.co/TjgzitYNRU"""
2022-03-16 16:20:43+00:00,1490825255891439618,1504130549937582088,"{'retweet_count': 0, 'reply_count': 0, 'like_count': 0, 'quote_count': 0}",b'@LALewman Biden is corrupt Obama is corrupt congress is corrupt China corrupt. I get the risk. Afghanistan fail set the stage for disaster. The record of the people running our show is sad. Proof exists but they will always get away with it. Mask comparison?I get it.Taiwan will be next \xf0\x9f\x98\x94'
2022-03-16 16:20:28+00:00,313862892,1504130486775472131,"{'retweet_count': 0, 'reply_count': 0, 'like_count': 0, 'quote_count': 0}","b""@nivincent I did not expect anything else from China but lies. #China did know ahead of times of #Putin's plan. China hold still just to see, if they could potentially use the same pattern to invade #Taiwan. Just another of China's lies so easy to comprehend! #StandWithUkraine #StopPutin"""
2022-03-16 16:20:15+00:00,1159489978080145408,1504130433541365776,"{'retweet_count': 0, 'reply_count': 0, 'like_count': 0, 'quote_count': 0}","b""@OccupyDemocrats Trump would have playing gunslinger and got us into global battle with both powers by shooting his mouth at China telling them to stay out of the way. You don't tell a six thousand years old country FUCK YOU! They would join with Russia and flown troops to the western steppes..."""
2022-03-16 16:20:13+00:00,1443988911374708738,1504130425710600204,"{'retweet_count': 0, 'reply_count': 0, 'like_count': 0, 'quote_count': 0}",b'@klitamnestra China can only be controlled by ceding Taiwan.  And Russia did not use the methods of dirty war against Ukraine.'
2022-03-16 16:19:58+00:00,1905987714,1504130361932066820,"{'retweet_count': 0, 'reply_count': 0, 'like_count': 0, 'quote_count': 0}",b'@MarvelStudios Why won\xe2\x80\x99t Marvel denounce the human rights violations in China instead of getting their approval before releasing films?'
2022-03-16 16:19:41+00:00,1267370659,1504130293292466179,"{'retweet_count': 1, 'reply_count': 0, 'like_count': 5, 'quote_count': 0}","b""@RnaudBertrand @comradeTL First assassination attempt by the CIA collaborating w Taiwan intelligence targeting Chinese Premier Zhou Enlai in Hong Kong planting a bomb, blowing up Air India's Princess Kashmir over South China Sea 1955. Zhou missed the flight due to an emergency appendectomy. 16 people died https://t.co/00dDTICaYK"""
2022-03-16 16:19:40+00:00,1393810205935382528,1504130289039204352,"{'retweet_count': 0, 'reply_count': 0, 'like_count': 0, 'quote_count': 0}","b'@StuartKLau China must have offered with very large $$ socio-economic benefits.  If so, Putin agrees to CEASE FIRE.. Just like PR Biden released $$ to Ukraine.\n\n  All with $$ .\n Everyone feels relieved'"
2022-03-16 16:19:38+00:00,125400853,1504130280616980481,"{'retweet_count': 0, 'reply_count': 0, 'like_count': 0, 'quote_count': 0}","b'China Planned Taiwan Invasion in Fall, Alleged Russian Intel Leak Claims https://t.co/UhWavJ4D7D'"
2022-03-16 16:19:32+00:00,381852531,1504130253177991170,"{'retweet_count': 0, 'reply_count': 0, 'like_count': 0, 'quote_count': 0}","b'@Birdseye1 @8BrianVogel4 @FemmeVoilet @RaRaCronin @Hirdman @marvin_hill123 @GaryZPon @traveler002 @Larry29189757 @ever_texas4 @sundog723 @lolSafeSpace @BconnectedJ @Big_crusher1000 @keepitwilder @truthsearch1957 @teetree @CanYouHearMeN15 @kcinor @Kkc1126Karen @RosaleeAdams @Wahboom @ISafeyet @RamLewis7 @Unpurgeable18 @MarilynLavala @thedude77 @SadieIsrael @TyDonevski @Geri_Believe @kcmimichar @davidf4444 @jimbo_always @ICanPlainlySee @Raymond10449530 @Jones17Charlene @mjams952 @RAIN_STORM11 @absentmind314 @3teeas @timetoact2 @trixirilla @History27361891 @garygreno @PhilipPower13 @durandundee7105 @Gregdabutcher @HouseGOP @SenateGOP @Trump Bird brain, go and confess to Julie that you refuse to denounce communism and ANTIFA because you secretly stand with Communist China and Russia. https://t.co/ryMPqkMxAw'"
2022-03-16 16:19:28+00:00,717334272051249152,1504130236127973382,"{'retweet_count': 0, 'reply_count': 0, 'like_count': 0, 'quote_count': 0}",b'@HuXijin_GT Are you crazy? Does China want USA to send troops to other countries now including Taiwan?'
2022-03-16 16:19:24+00:00,2441806926,1504130218247737349,"{'retweet_count': 0, 'reply_count': 0, 'like_count': 0, 'quote_count': 1}","b'This is a lie. Trump was the one calling out the origin of the virus in China, and suggesting lab origin, and got called \xe2\x80\x9cxenophobic\xe2\x80\x9d by uncivil Dems.\n\nTrump created the Task Force 1/31, where Pelosi was giving tours of Chinatown in March to call Trump racist.\n\nBirx/Fauci failed. https://t.co/3cJ3vNomuc'"
2022-03-16 16:19:21+00:00,1436066138962763779,1504130206927364107,"{'retweet_count': 0, 'reply_count': 0, 'like_count': 0, 'quote_count': 0}","b'@RepSwalwell We have seen this wickedness. It is in the Middle East, China, North Korea and Africa. Check out the human rights violations there. Just because it is not on the news every day does not mean it isn\xe2\x80\x99t happening and will continue to happen.'"
2022-03-16 16:19:19+00:00,225227931,1504130198475837450,"{'retweet_count': 1, 'reply_count': 0, 'like_count': 6, 'quote_count': 0}","b'A few corrections:\n\nRussia is NOT isolated. They are backed to the hilt by China. A quid pro quo: Ukraine for Taiwan.\n\nUkraine won\xe2\x80\x99t win this fight. The country is prostrate, overwhelmed.\n\nBiden is a corrupt, mentally incompetent bureaucrat out of his depth.\n\nWe are in trouble. https://t.co/Sfe7yrJ8sz'"
2022-03-16 16:19:17+00:00,46305708,1504130188723953665,"{'retweet_count': 0, 'reply_count': 0, 'like_count': 2, 'quote_count': 2}","b'My comment on this:  We need ships and CARRIERS sent into the Philippine Sea.  Now.  And keep them there until Trump gets reelected.\n\nAfter Watching Russia Invade Ukraine, Biden Responds with Weak Deterrent to Potential China Invasion of Taiwan\n\nhttps://t.co/HY10Ffpv79'"
2022-03-16 16:19:05+00:00,539000637,1504130141001326598,"{'retweet_count': 0, 'reply_count': 0, 'like_count': 0, 'quote_count': 0}","b'What do you think, why or what is the reason that the Russian army is not successful? #Ukraine #UkraineUnderAtta\xd1\x81k #UkraineRussianWar #RussiaUkraineConflict #RussiaUkraine #RussianArmy #Kherson #Kiev #Putin #Zelensky #Erdogan #Biden #Europa #NATO #USA #China #TB2'"
2022-03-16 16:18:55+00:00,1178071635309539329,1504130097678278658,"{'retweet_count': 0, 'reply_count': 0, 'like_count': 0, 'quote_count': 0}","b""@SebGorka You forget, we invaded DC ourselves.\nWe don't need China's help.\nTrump tried to deal with Ukrainian corruption his way.\nNow Putin's doing it HIS way."""
2022-03-16 16:18:55+00:00,1091216816,1504130097678147587,"{'retweet_count': 2, 'reply_count': 0, 'like_count': 5, 'quote_count': 0}",b'$4.94 in Las Vegas Jim. Time to IMPEACH Joe Biden. He\xe2\x80\x99s brain dead. CHINA RUSSIA are taking advantage of him. He\xe2\x80\x99s WEAK USELESS! https://t.co/ptQe8zQseV'
2022-03-16 16:18:48+00:00,1389934427552243713,1504130069924569091,"{'retweet_count': 0, 'reply_count': 0, 'like_count': 0, 'quote_count': 0}","b""@TheDurhamReport @HuXijin_GT Yeah we have an actual alliance with Taiwan and depend on them for many products. We don't depend on #Ukraine for sh*t really. I don't agree with defending either country but a better argument can be made for defending Taiwan. China is the real threat."""
2022-03-16 16:18:33+00:00,2272050032,1504130005609041924,"{'retweet_count': 0, 'reply_count': 0, 'like_count': 0, 'quote_count': 0}",b'@POTUS Joe is using TikTok because it\xe2\x80\x99s from China!! #BidenKowtowsToChina #TiktokIsChina https://t.co/bidhfleK2s'
2022-03-16 16:18:30+00:00,1174893884314226689,1504129992401297408,"{'retweet_count': 0, 'reply_count': 0, 'like_count': 0, 'quote_count': 0}","b""@HuXijin_GT You all were awfully quiet when Pres. Trump was in office, because you knew the United States can't be challenged when a competent leader is in charge. China may be developing into a power, but definitely not a global superpower. Stop the Uyghur genocide."""
2022-03-16 16:18:28+00:00,1353706261326536704,1504129986692845570,"{'retweet_count': 0, 'reply_count': 0, 'like_count': 0, 'quote_count': 0}",b'@jimandsamshow Taiwan was put in a treaty after the world wars and is supposed to go back to China. We are Indian giving kinda. Also Taiwan is right next to China looks like cuba to us'
2022-03-16 16:18:12+00:00,882583338,1504129919084867586,"{'retweet_count': 0, 'reply_count': 0, 'like_count': 1, 'quote_count': 0}","b'@esyion @CJ_Johnson17th Nah, we got atleast 2 more years of volatility. Housing market bubble pop, rate hikes, china/Taiwan, another Covid scare and 2024 presidential election.'"
2022-03-16 16:18:06+00:00,302189775,1504129892866138118,"{'retweet_count': 0, 'reply_count': 0, 'like_count': 0, 'quote_count': 0}","b""China says Taiwan 'taking advantage' of Ukraine as island sends more aid - Reuters https://t.co/GHoKaJ7HVL https://t.co/0TtCEZrPbw"""
2022-03-16 16:18:05+00:00,1321666718381559808,1504129889712103424,"{'retweet_count': 0, 'reply_count': 0, 'like_count': 0, 'quote_count': 0}",b'Gonna put it out there and say that this is a double bait and switch tactic to lure China into Taiwan and then manufacture the consent to use various sophisticated weapons against the Chinese'
2022-03-16 16:18:03+00:00,1279209446586167296,1504129881151475715,"{'retweet_count': 0, 'reply_count': 0, 'like_count': 0, 'quote_count': 0}","b'@KihneSheila @drscottjensen Media don\xe2\x80\x99t dare shame China, they love TikTok too much lol'"
2022-03-16 16:18:03+00:00,1425633840010170374,1504129879515688962,"{'retweet_count': 0, 'reply_count': 0, 'like_count': 0, 'quote_count': 0}",b'@ExpandMajority @mmpadellan Manchin is a dem who\xe2\x80\x99s state could produce a ton of oil for us and Biden and libs cut it off. Yet they will buy from Iran ? Stop blaming senators and start blaming the worse president in history. China coming next !! No one scared of sleepy joe.'
2022-03-16 16:18:01+00:00,1281631480406474754,1504129870741315584,"{'retweet_count': 0, 'reply_count': 0, 'like_count': 1, 'quote_count': 0}",b'@XHNews Talk to us about Uighur rights.\n\nhttps://t.co/JoiSBWIja7'
2022-03-16 16:17:58+00:00,1498087142177783816,1504129860620500998,"{'retweet_count': 0, 'reply_count': 0, 'like_count': 0, 'quote_count': 0}","b'@FoxNews Biden a world leader? The Saudis wouldn\xe2\x80\x99t even take his calls! Kim Iversen: China, Russia Declare A NEW WORLD ORDER In Released Joint S... https://t.co/ymalb8u6Zz via @YouTube'"
2022-03-16 16:17:57+00:00,1115618637618995200,1504129854404505602,"{'retweet_count': 0, 'reply_count': 0, 'like_count': 0, 'quote_count': 0}","b'Lord, no. Here I was hoping there might be a chance Xi could discipline Putin.  https://t.co/Y75zfC8NOP'"
2022-03-16 16:17:49+00:00,3254679243,1504129823358308355,"{'retweet_count': 0, 'reply_count': 0, 'like_count': 0, 'quote_count': 0}","b""@HuXijin_GT Taiwan is where we'll send troops to, Shouldn't the brave pla be liberating Taiwan rn since it's part of china and we're crossing a red line by having special forces there. Or is the pla even more incompetent than russias army and scared to be humiliated like russia is in Ukraine"""
2022-03-16 16:17:49+00:00,1097591937165516800,1504129821659435010,"{'retweet_count': 0, 'reply_count': 0, 'like_count': 0, 'quote_count': 0}","b""This was supposed to be Xi Jinping's big year. Instead, he's dealing with Covid and war\nhttps://t.co/vdcIkqtpDR"""
2022-03-16 16:17:44+00:00,1477715333846761475,1504129800310452227,"{'retweet_count': 0, 'reply_count': 0, 'like_count': 0, 'quote_count': 0}",b'@pojuneee @maymeiww718 @Kolas_Yotaka Consumer Prices in Taiwan are 43.71% higher than in China (without rent)\nConsumer Prices Including Rent in Taiwan are 32.80% higher than in China. Rent Prices in Taiwan are 2.32% higher than in China. Groceries Prices in Taiwan are 57.84% higher than in China'
2022-03-16 16:17:44+00:00,1499237968569155585,1504129798754365440,"{'retweet_count': 0, 'reply_count': 1, 'like_count': 0, 'quote_count': 0}","b""@fredfinch_ @rocket30670717 @MFA_China I'm afraid I'll pity you, your situation is very worrying, and I probably know why there are human rights issues in the United States, and they make you ignorant and then fearless, and then good control"""
2022-03-16 16:17:40+00:00,35865157,1504129785177464840,"{'retweet_count': 0, 'reply_count': 0, 'like_count': 0, 'quote_count': 0}","b'@JaneTimkenOH Trump left global leadership to China, Iran and Russia. I can\xe2\x80\x99t imagine anyone saying what you just did with a straight face especially in light of the success of Biden diplomacy over Ukraine.'"
2022-03-16 16:17:30+00:00,1059672216814546944,1504129742261276674,"{'retweet_count': 0, 'reply_count': 0, 'like_count': 0, 'quote_count': 0}","b'Beltway Insider: Biden/NATO, Israeli Peace Brokers, COVID/Vaccine Totals, Hospitals Bombed, China, Refugees https://t.co/1DfsDvb3kB'"
2022-03-16 16:17:29+00:00,822535120364175362,1504129735919554563,"{'retweet_count': 0, 'reply_count': 0, 'like_count': 3, 'quote_count': 0}",b'@EndGameWW3 China Joe Biden is a significant national security matter'
2022-03-16 16:17:25+00:00,1287547291,1504129722300739588,"{'retweet_count': 0, 'reply_count': 1, 'like_count': 2, 'quote_count': 0}",b'@AlanTonelson Yes just like every big company that foolishly chased a mythical #china marketplace only to learn they taught the composition how to put them out of business.  #stupidity #Greed #ccp #globilization = #failure #Profiteering'
2022-03-16 16:17:23+00:00,1321842651939794949,1504129713186521088,"{'retweet_count': 0, 'reply_count': 0, 'like_count': 0, 'quote_count': 0}","b""Very bad idea @SpeakerPelosi . BA.2 with lethal subvariants in Hong Kong &amp; China is surging in Asia, soon Europe. People who generally rely on public transportation can't afford to get Covid. This will be on you. https://t.co/1j9OdTJzi9"""
2022-03-16 16:17:22+00:00,1338649962654130177,1504129709176668166,"{'retweet_count': 0, 'reply_count': 0, 'like_count': 0, 'quote_count': 0}",b'@ahm_9662 @DonaldJTrumpJr Doesn\xe2\x80\x99t matter what I believe. It is against international law that any laboratory contain any pathogens that can could leak &amp; be used as a bio weapon illegal. US admitted to research facilities there and China has proof of 336 US funded global labs. Now watch Taiwan&amp;their labs.'
2022-03-16 16:17:21+00:00,381852531,1504129704877604864,"{'retweet_count': 0, 'reply_count': 0, 'like_count': 0, 'quote_count': 0}",b'@Birdseye1 @8BrianVogel4 @FemmeVoilet @RaRaCronin @Hirdman @marvin_hill123 @GaryZPon @traveler002 @Larry29189757 @ever_texas4 @sundog723 @lolSafeSpace @BconnectedJ @Big_crusher1000 @keepitwilder @truthsearch1957 @teetree @CanYouHearMeN15 @kcinor @Kkc1126Karen @RosaleeAdams @Wahboom @ISafeyet @RamLewis7 @Unpurgeable18 @MarilynLavala @thedude77 @SadieIsrael @TyDonevski @Geri_Believe @kcmimichar @davidf4444 @jimbo_always @ICanPlainlySee @Raymond10449530 @Jones17Charlene @mjams952 @RAIN_STORM11 @absentmind314 @3teeas @timetoact2 @trixirilla @History27361891 @garygreno @PhilipPower13 @durandundee7105 @Gregdabutcher @HouseGOP @SenateGOP @Trump Julie is a hypocritical idiot who ignores the crimes against humanity China has been doing for years and is only speaks up when the media tells her too.  She\xe2\x80\x99s a useful idiot and nothing more.'
2022-03-16 16:17:16+00:00,967263234196758528,1504129681116876800,"{'retweet_count': 0, 'reply_count': 0, 'like_count': 0, 'quote_count': 0}","b'@_Citizen_Se7en Native Americans are saying, The reason, is Joe Biden told the Democrat Voters he would, and Destroy the Oil industry, putting the USA in Danger around the World, And the Fact China Owns The Biden Family, The Dem.Voters Voted for all of This,even the War in Ukraine'"
2022-03-16 16:17:12+00:00,4920945971,1504129664314318848,"{'retweet_count': 0, 'reply_count': 0, 'like_count': 0, 'quote_count': 0}",b'@seanhannity If Ukraine cannot count on the US to renegotiate the Budapest Memo giving up nukes in the process how can China see the US as being willing to defend the sovereignty of Taiwan?'
2022-03-16 16:17:10+00:00,86886629,1504129659327467525,"{'retweet_count': 0, 'reply_count': 0, 'like_count': 1, 'quote_count': 0}",b'Join me &amp; #FreedomUnited @ETAC_Global @HumanTraffFdn calling for ACTION to #CombatOrganHarvesting.\nPlease Sign &amp; RT https://t.co/FSUhMhbwsI via .@FreedomUnitedHQ\n\n#StopForcedOrganHarvesting!\n\n#China #India #Pakistan #Turkey #Brazil #Nepal #Philippines #Kosovo #Iran #EasternEurope'
2022-03-16 16:17:05+00:00,93590252,1504129638359973892,"{'retweet_count': 0, 'reply_count': 0, 'like_count': 0, 'quote_count': 0}",b'@Cold_Peace_ He is checking to see if the US will do something if China invades Taiwan.'
2022-03-16 16:17:03+00:00,51413474,1504129630382534656,"{'retweet_count': 0, 'reply_count': 0, 'like_count': 0, 'quote_count': 0}",b'@BasedKoalaTV @ElijahSchaffer This is why the world doesn\xe2\x80\x99t want China invading Taiwan.\n\nhttps://t.co/cehxmDqrR8'
2022-03-16 16:17:03+00:00,2362502461,1504129626624471044,"{'retweet_count': 0, 'reply_count': 0, 'like_count': 0, 'quote_count': 0}","b'Careers in China fair : 21 March - 1 April\nJoin us for a variety of talks, roundtable chats and panel discussions covering a variety of sectors for careers in Mainland China and Hong Kong.\nRegister now: https://t.co/nql3nBZcAv https://t.co/XPSGhos4vp'"
2022-03-16 16:17:00+00:00,352408942,1504129615178125322,"{'retweet_count': 0, 'reply_count': 1, 'like_count': 0, 'quote_count': 0}",b'@MacaesBruno China already seemed to be closing as the imperative to preserve CCP status becomes ever stronger under Xi Jinping.'
2022-03-16 16:16:52+00:00,1343820139356155906,1504129583532154884,"{'retweet_count': 0, 'reply_count': 0, 'like_count': 0, 'quote_count': 0}","b""Didn't Xi Jinping defeat Americans in 2020?\nWhy would he want to end China-Russia relationship, especially now that he has the upper hand in the relationship?\nThis is just delusions by MSM &amp; Western Pundits who project their wishes as objective assessments. https://t.co/cEgHwGOV8R"""
2022-03-16 16:16:37+00:00,1085181771400925186,1504129521599266821,"{'retweet_count': 0, 'reply_count': 0, 'like_count': 1, 'quote_count': 0}",b'@KochNina @BabuKikombe @Africa_Archives The issues China has in Xinjiang is geopolitical separatism. Not religious disregard. Islam has been in China over a 1000 years from the Silk Road days. More than half belong to the Sunni Hanafi school.'
2022-03-16 16:16:35+00:00,132355739,1504129509687181317,"{'retweet_count': 0, 'reply_count': 0, 'like_count': 0, 'quote_count': 0}","b'@sberspace @AlexandruC4 You are just another misinformed xenophobe. Yes, China has issues with human rights but no more than the US does. The US actually elected Trump, a true sociopath. So who are you to point fingers?'"
2022-03-16 16:16:32+00:00,363093644,1504129499163672578,"{'retweet_count': 0, 'reply_count': 0, 'like_count': 0, 'quote_count': 0}","b'Take note, surging COVID cases/hospitalizations in the UK, China, New Zealand, &amp; Hong Kong clearly Illustrate continuing pandemic danger. It is not over! Please be cautious!\n\nReading @beckershr As COVID cases, hospitalizations rise in UK, so do questions https://t.co/7mMejtxfid'"
2022-03-16 16:16:30+00:00,1494027963150450691,1504129491718733824,"{'retweet_count': 0, 'reply_count': 0, 'like_count': 0, 'quote_count': 0}","b""@Bullwinkle_M @SebGorka You know China is in business with the Trump's right?\n\nYou do know that right?"""
2022-03-16 16:16:22+00:00,4920945971,1504129455739965441,"{'retweet_count': 0, 'reply_count': 0, 'like_count': 0, 'quote_count': 0}",b'@NikkiHaley If Ukraine cannot count on the US to renegotiate the Budapest Memo giving up nukes in the process how can China see the US as being willing to defend the sovereignty of Taiwan?'
2022-03-16 16:16:19+00:00,1466070088927350788,1504129445891919872,"{'retweet_count': 0, 'reply_count': 0, 'like_count': 0, 'quote_count': 0}",b'@TheTNHoller @Sen_JoeManchin Kinda like the gross negligence by Biden and his son making money in Ukraine and China huh? But for some reason that doesn\xe2\x80\x99t matter and you make excuses for it #alwaysyellthetruth'
2022-03-16 16:16:12+00:00,1117954719643607040,1504129416162689029,"{'retweet_count': 0, 'reply_count': 0, 'like_count': 0, 'quote_count': 0}","b""@TECleveland @washingtonpost Understandably so, but with China getting bashed the past few years, how can they side with USA? Saudi Arabia has been the same way...they won't even talk to Biden!!"""
2022-03-16 16:16:06+00:00,1498087142177783816,1504129389268717573,"{'retweet_count': 0, 'reply_count': 0, 'like_count': 0, 'quote_count': 0}","b'@FoxNews Zelensky wants Biden to be a world leader!?! Saudis wouldn\xe2\x80\x99t even take his call while they are considering letting China pay to oil in yuan! New World Order!\n\nKim Iversen: China, Russia Declare A NEW WORLD ORDER In Released Joint S... https://t.co/ymalb8u6Zz via @YouTube'"
2022-03-16 16:16:00+00:00,1339234881553960963,1504129363113041927,"{'retweet_count': 0, 'reply_count': 0, 'like_count': 1, 'quote_count': 0}","b'In Europe, Lithuania is among the countries most willing to speak out against China as seen by their increasingly close relationship with Taiwan. https://t.co/PQMEPfajnq'"
2022-03-16 16:16:00+00:00,1353379058562736135,1504129362802663425,"{'retweet_count': 0, 'reply_count': 0, 'like_count': 2, 'quote_count': 0}","b'@Marylou14099916 As Trump said, China owns Biden.'"
2022-03-16 16:15:57+00:00,1486718647552798721,1504129351360651269,"{'retweet_count': 0, 'reply_count': 0, 'like_count': 0, 'quote_count': 0}",b'There is a rapid power realignment going on with Saudi Arabia Russia China and India. And Biden is doing NOTHING about it. America is in grave danger.  #VoteThemAllOut2022'
2022-03-16 16:15:57+00:00,21224472,1504129350966382593,"{'retweet_count': 0, 'reply_count': 0, 'like_count': 0, 'quote_count': 0}","b'@tedcruz Biden united the whole western world to stand against Putins aggressions.\nThe ones only not on board are China, some dictators and the Trumpists.\nAre you a Russian asset?'"
2022-03-16 16:15:56+00:00,1033169786874814465,1504129349120925700,"{'retweet_count': 0, 'reply_count': 0, 'like_count': 0, 'quote_count': 0}","b'@Unusual_Times Omicron ""mild"" unless it hits china and hong kong.'"
2022-03-16 16:15:43+00:00,1449891424489644033,1504129293248614400,"{'retweet_count': 0, 'reply_count': 0, 'like_count': 0, 'quote_count': 0}","b""@EricRWeinstein Russia would respond by firing missiles at Poland, and China would draw fire by initiating a blitz on Taiwan.  This all gets out of hand quickly if we escalate. \nThe problem is not our lack of power.  It's a lack of political will &amp; leadership.  We fail without it, every time."""
2022-03-16 16:15:43+00:00,3400260749,1504129292015476741,"{'retweet_count': 0, 'reply_count': 1, 'like_count': 1, 'quote_count': 0}","b'@jhaskinscabrera Do not believe any of this. China is merely preparing its invasion of Taiwan, trying to scare the West to make us lock down again so they have an easier time.'"
2022-03-16 16:15:37+00:00,1179125066250014720,1504129266606297088,"{'retweet_count': 0, 'reply_count': 0, 'like_count': 2, 'quote_count': 0}","b'Biden has \xe2\x80\x9crallied the world against Russia\xe2\x80\x9d\n\nI guess the world doesn\xe2\x80\x99t include China, India, Pakistan, most of Africa, Most of South America. In fact basically most of the world outside North America and Europe.\n\nMaybe it\xe2\x80\x99s coz they ain\xe2\x80\x99t blonde haired and blue eyed'"
2022-03-16 16:15:36+00:00,13584132,1504129264936894468,"{'retweet_count': 0, 'reply_count': 0, 'like_count': 0, 'quote_count': 0}",b'#RaviVisvesvarayaSharadaPrasad  https://t.co/nVCN4E5Gxs  Saudi dumping Biden for Xi? Kingdom mulls oil trade with China in Yuan instead of dollar'
2022-03-16 16:15:35+00:00,1023560032758190087,1504129259480174597,"{'retweet_count': 0, 'reply_count': 1, 'like_count': 0, 'quote_count': 0}","b""@VickiTidwell4 @rocandscott @joncoopertweets Except congress just sends it to every other country, bails out Wall Street hedge funds and steals that money for themselves. Private jets etc..\n\nWe shouldn't need to borrow $$ for inferstrucure. The democrats socialist agenda decides who's rich and who's poor. Like CCP CHINA"""
2022-03-16 16:15:35+00:00,2225678221,1504129257672523778,"{'retweet_count': 0, 'reply_count': 0, 'like_count': 0, 'quote_count': 0}","b'Biden is deeply Compromised....between Biden and Hunter....Russia, Ukraine, China... https://t.co/Ks4aVXUl7E'"
2022-03-16 16:15:28+00:00,1020482864,1504129231571271684,"{'retweet_count': 0, 'reply_count': 0, 'like_count': 0, 'quote_count': 0}",b'I wanted to share this great website with you https://t.co/oCpRrrkTAb'
2022-03-16 16:15:24+00:00,941904020100321285,1504129213258948616,"{'retweet_count': 0, 'reply_count': 0, 'like_count': 0, 'quote_count': 0}",b'@FoxNews Hunter Biden has tied the hands of his father -Pres. Biden in dealing with Russia today &amp; China tomorrow.The Republicans take control in November &amp; the Russians remind Biden. That\xe2\x80\x99s why he wants a wall to separate Ukraine from NATO not to help Poland but bury the investigation.'
2022-03-16 16:15:12+00:00,1238944225762238465,1504129163896053763,"{'retweet_count': 0, 'reply_count': 0, 'like_count': 0, 'quote_count': 0}","b'\xe3\x80\x90China\xe3\x80\x91\nChains around the neck, ""bride trade"" with no regard for human rights, 30 million men and no end in sight \n@FoxNews  @FOXTV https://t.co/1EAaSFK94T'"
2022-03-16 16:15:11+00:00,393802902,1504129160675004424,"{'retweet_count': 0, 'reply_count': 0, 'like_count': 1, 'quote_count': 0}",b'@TonyNashNerd Almost like China is f*ing with us...again...on purpose...but the liberals say TikTok is the place for news'
2022-03-16 16:15:10+00:00,3507169214,1504129154207600641,"{'retweet_count': 1, 'reply_count': 0, 'like_count': 6, 'quote_count': 0}",b'This isnt the war \n\nCCP China is the War'
2022-03-16 16:14:50+00:00,2393756954,1504129072712007686,"{'retweet_count': 0, 'reply_count': 0, 'like_count': 0, 'quote_count': 0}","b'@CommieGoHome_ @stuartphilip7 @NBellon63 @RSBNetwork Or maybe you are an expert at self delusion: Putin didn\xe2\x80\x99t feel the need to invade another country because Trump was doing exactly what he wanted done anyway.  Weakening our connections to NATO, strengthening Putin\xe2\x80\x99s Russia and China, alienating us from our NATO allies\xe2\x80\xa6 \xf0\x9f\xa4\xb7\xe2\x80\x8d\xe2\x99\x82\xef\xb8\x8f'"
2022-03-16 16:14:50+00:00,17145475,1504129072439304192,"{'retweet_count': 0, 'reply_count': 0, 'like_count': 0, 'quote_count': 0}",b'Your an illegal PRESIDENT &amp; a scumbag paid off by the CCP AND CHINA you should be charged with treason I hope your impeached after the mid terms https://t.co/9w0CU4TKgJ'
2022-03-16 16:14:48+00:00,976817480,1504129063664984064,"{'retweet_count': 0, 'reply_count': 0, 'like_count': 1, 'quote_count': 0}",b'Pretty powerful response over night to this line of thinking &gt; A slowdown in the economy and a growing gulf with the West have underlined the costs for China of implementing Xi Jinping\xe2\x80\x99s agenda. https://t.co/WVaTEyuFgR via @WSJ'
2022-03-16 16:14:36+00:00,1320192062462042112,1504129014050426885,"{'retweet_count': 0, 'reply_count': 0, 'like_count': 0, 'quote_count': 0}","b""@Amer1can_Barbie Yep! Damn Russians did it again! They stole the election in 2020 too. Oh, wait, that was China, Biden's friends, and Rino Republicans in name only. But, the Russians did everything else."""
2022-03-16 16:14:25+00:00,1425156550465703940,1504128964469526531,"{'retweet_count': 0, 'reply_count': 0, 'like_count': 0, 'quote_count': 0}",b'@TimesSport Unbelievable!. Yet all these Chinese athletes go completely unchecked even though China has so many human rights violations.'
2022-03-16 16:14:22+00:00,957821456821473286,1504128954768130049,"{'retweet_count': 0, 'reply_count': 0, 'like_count': 2, 'quote_count': 0}","b'Any ""man"" who\'d leave his OWN PEOPLE behind (there were thousands of Americans abandoned by Biden) to fend for themselves against the Taliban\xf0\x9f\x91\xb3\xe2\x80\x8d\xe2\x99\x82\xef\xb8\x8f savages would sell out the US to his solar &amp; wind and Leftist/green donors\xe2\x80\x94he ignores record COAL use in China.\n\nhttps://t.co/KJo8eWXM1p'"
2022-03-16 16:14:07+00:00,793991498,1504128889525702657,"{'retweet_count': 0, 'reply_count': 0, 'like_count': 0, 'quote_count': 0}",b'Hong Kong vs. NZ and Singapore demonstrates importance of high vaccination rates. China also has low vaccination rates - if Omicron gets loose there it will be bad news. https://t.co/AUsKUbHe6l'
2022-03-16 16:14:00+00:00,1346835068602429440,1504128859284938752,"{'retweet_count': 0, 'reply_count': 0, 'like_count': 1, 'quote_count': 0}",b'@JackPosobiec China wants the US ensnared in Ukraine because Taiwan is on their menu.'
2022-03-16 16:13:48+00:00,1484716344209821701,1504128811947986944,"{'retweet_count': 0, 'reply_count': 0, 'like_count': 0, 'quote_count': 0}","b'@alifarhat79 This geopolitical crisis will enhance the power of china and the yuan over the dollar, that together with the biden administration will lead to a great crash in the power of dollar in the world..'"
2022-03-16 16:13:40+00:00,15818403,1504128779127431180,"{'retweet_count': 0, 'reply_count': 0, 'like_count': 0, 'quote_count': 0}","b""@friedmandave @Noahpinion 600 million Chinese still live in poverty (CCP's own figure, could have been exaggerated to gain sympathy from outside world) means country not in good shape to take on a large, poor client state.\nhttps://t.co/dlNSqTtR6Z"""
2022-03-16 16:13:37+00:00,16343974,1504128763650584583,"{'retweet_count': 5, 'reply_count': 1, 'like_count': 6, 'quote_count': 0}",b'\xf0\x9f\x94\xb4 A British publisher behind a book teaching children how to be politically engaged has reportedly removed references to Taiwan and Hong Kong from works for Western readers so their products can be sold cheaply in China https://t.co/fEQon9PP5m'
2022-03-16 16:13:36+00:00,403670899,1504128760420970505,"{'retweet_count': 0, 'reply_count': 0, 'like_count': 0, 'quote_count': 0}","b""Covid-19 lockdowns and China's position on the Ukraine conflict led to tech shares rout on Tuesday, slashing billions of dollars from the likes of Alibaba Group Holding and Tencent Holdings in Hong Kong, media reports said. https://t.co/MTlajXTTki"""
2022-03-16 16:13:19+00:00,957821456821473286,1504128688819945482,"{'retweet_count': 0, 'reply_count': 0, 'like_count': 2, 'quote_count': 0}","b'Any ""man"" who\'d leave his OWN PEOPLE behind (there were thousands of Americans abandoned by Biden) to fend for themselves against the Taliban\xf0\x9f\x91\xb3\xe2\x80\x8d\xe2\x99\x82\xef\xb8\x8f savages would sell out the US to his solar &amp; wind and Leftist/green donors\xe2\x80\x94he ignores record COAL use in China.\n\nhttps://t.co/KJo8eXfnpZ'"
2022-03-16 16:13:17+00:00,1440411842233257990,1504128678871339008,"{'retweet_count': 0, 'reply_count': 0, 'like_count': 0, 'quote_count': 0}","b'@zerohedge Clearly baiting the US into a war..China are exposing Biden as a toothless tiger,as the US know they\xe2\x80\x99ll certainly get a black eye in a scrap with Russia/China.'"
2022-03-16 16:13:01+00:00,1250317271869734912,1504128613507080198,"{'retweet_count': 1, 'reply_count': 0, 'like_count': 1, 'quote_count': 0}",b'@KyivIndependent #FJB #fjoebiden #Biden   #Fuckjoebiden #Kyiv \n#GasPrices \xf0\x9f\xa5\xba #Ukraine #Russia \n\n#BidenWorstPresidentEver \xf0\x9f\x92\xa9 #OIL\n\n#China going 4 #Taiwan next then the #MiddleEast will test #USA again because #BIDEN is WEAK. Oh &amp; #IRAN &amp; \n#NorthKorea \xe2\x9c\x85\n\n. #BidenIsAFailure \xf0\x9f\x92\xa9#Afghanistan _&lt;&gt; RT https://t.co/9bGCa1xuU8 https://t.co/0QFiqPPtUp'
2022-03-16 16:12:59+00:00,995843540763557888,1504128607136149507,"{'retweet_count': 0, 'reply_count': 0, 'like_count': 0, 'quote_count': 0}",b'@Ryan15260983 @cipri_tt @SpokespersonCHN It\xe2\x80\x99s your freedom to propose it in California!  Can you google it and find the proposal not supported by Californians? \nCan you propose referendum of independence in Xinjiang? Let Uyghurs people there to choose? Of course not because it\xe2\x80\x99s China!'
2022-03-16 16:12:59+00:00,31981923,1504128604812288013,"{'retweet_count': 0, 'reply_count': 0, 'like_count': 0, 'quote_count': 0}",b'#ccp and #Xi better not miscalculate. He will be the end of ccps hold on power if Xi decides to do that. The west should be more vigilant about China \xf0\x9f\x87\xa8\xf0\x9f\x87\xb3 and Russia \xf0\x9f\x87\xb7\xf0\x9f\x87\xba now. New axis of evil. https://t.co/66NjzUr8ao'
2022-03-16 16:12:54+00:00,1347746456380215298,1504128582704300034,"{'retweet_count': 0, 'reply_count': 0, 'like_count': 0, 'quote_count': 0}","b'@one_by_two ""breaking news everyone, China has decided that it will butt fuck both Taiwan and India at the same time! double penetration baby!""'"
2022-03-16 16:12:45+00:00,1316691320803647489,1504128546805104650,"{'retweet_count': 0, 'reply_count': 0, 'like_count': 0, 'quote_count': 0}","b'@Jim_Jordan Neither is George Soros, and why would anyone support him?\nFFS...Did you forget the Ukrainan Criminal Oligarchs paid Hunter Biden to smoke crack with Hookers while China Joe open admits that he interfered with a lawful prosecution to recover stolen mineral assets?   @joerogan'"
2022-03-16 16:12:45+00:00,1337924868306853888,1504128545655824388,"{'retweet_count': 0, 'reply_count': 0, 'like_count': 0, 'quote_count': 0}","b'Ukrain and Russia are both corrupt and so are the Biden\xe2\x80\x99s.  Joe has illegal ties to both countries.  While we are sending our tax dollars to help them, Americans are struggling.  The elites don\xe2\x80\x99t care.  How many countries would come to our aid if we got invaded by Russia or China'"
2022-03-16 16:12:35+00:00,957821456821473286,1504128503578509324,"{'retweet_count': 0, 'reply_count': 0, 'like_count': 2, 'quote_count': 0}","b'Any ""man"" who\'d leave his OWN PEOPLE behind (there were thousands of Americans abandoned by Biden) to fend for themselves against the Taliban\xf0\x9f\x91\xb3\xe2\x80\x8d\xe2\x99\x82\xef\xb8\x8f savages would sell out the US to his solar &amp; wind and Leftist/green donors\xe2\x80\x94he ignores record COAL use in China.\n\nhttps://t.co/KJo8eXfnpZ'"
2022-03-16 16:12:29+00:00,1431073121289768960,1504128480400793602,"{'retweet_count': 0, 'reply_count': 1, 'like_count': 0, 'quote_count': 0}",b'@EngineerBensan @marcorubio LOL. Chinese Media. Haha. CCP are so insecurity they have to control all media. You even arrest your own people who speak differently.   Guess it\xe2\x80\x99s because you fear instability in your own country as China has history of rebellion which have to be crushed by killing own Chinese'
